ID,Title
288080,Rules for Classifieds
379728,Frameset sale: ZUNOW Beradonna 52cm top tube 650c wheels 
403773,TREK mountain track commuter/beater (large)
401090,[SOLD]: Cannondale Optimo cross frame and fork 54cm ¬£35
403763,Wanted:  54/55 frame &amp; forks to strip -  single speed / FG dropouts 
403705,Wilier Triestina Izoard XP 58cm Pristine Condition
403649,"For Sale Again: 58cm Genesis Day One - Fixed, 650b, dynamo, disc brake commuter truck"
403766,Viking Severn Valley - Reynolds 531 Frame &amp; Forks - newly powdercoated 58cm
387468,Dolan Seta 54cm 
403601,Kinesis G2 GRX (M/54cm)
403668,All city big block - 55 - lilac - road fixed / flat bar set ups 
403568,Titanium Van Nicholas Astraeus Frame + Fork
403535,Genesis Day One 54cm / Medium Single speed - ¬£275
403762,Colnago Cross size Large - 105 mix groupset
403125,Genesis Flyer Small
403644,Cinelli Mash Work Dark Smoke (L/56)
403051,For sale: Cannondale SuperSix Evo 105 Carbon 2018. 56cm. ¬£500
403744,Trek Checkpoint AL4 58cm Tiagra Hydraulic Disc - ¬£450
403737,Small Dave Hinde Race Series rolling chassis ¬£150 inc postage
403757,Planet X - Full Monty SL
403753,Allez Sprint 2022- 61cm (XXL)
403458,On One Original Lynskey Inbred SS 29er - sold subject to payment/collection
403742,Look KG 241 ss conversion 55cm
395255,One sold (Giant Avail XS)- Pearson fixie still available:¬£55!!
403685,Specialized Langster - 56CM
316109,LFGSS Stickers - buy stickers the money goes to the forum
288079,Rules for Classifieds
397361,Hunt 650b Adventure Sport wheelset
403310,¬£45 - TA One X110 40t chainring BNIB
403175,¬£70 Shimano 105 R7020 hydraulic levers 
403771,Wanted! Specialized 7x9 seatpost ears
403772,Random parts - some free
403769,1‚Äù 1/8th carbon forks. a few !
403765,Few frames and a lot of cheap stuff 
403749,Mission Workshop Messenger 
402143,"White Industries Eno, Campagnolo 11sp Shifters, and bars + travel hard case and reduced"
403755,Rapha essentials case small
402702,FS: Castelli and Sportful warm bibs and jersey
402080,"OT: 50mm wide genuine wood venetian blinds, two narrow and one wide, for a bay window"
402574,Ritchey Rock Pro 26 Inch Rims x 2 (36h)
403770,1‚Äù forks. 
403467,FS: Handlebars &amp; Copenhagen Parts Bike Porter 
403672,"DuraAce 9000 shifters and mechs, VGC, ¬£220"
403729,Free 105 and other bits - collection N8
403430,"crust clydesdale, chris king, edsen, selle smp, thomson, campag"
401339,Clearout! More added
398659,Sunglasses; KOO
403758,Nitto for Shred - Black 31.8mm- ¬£40
403559,FSA Gossamer 326 chainset and BB
401883,"FS: Salsa Guide, GRX derailleur, BB H2, Cinelli Mash Bullhorn Bars"
402312,Rapha Essentials case
399247,Getting rid of some bits
403747,Bontrager Aeolus RSL 37mm disc wheelset 
403711,58cm Roberts 853 Frame &amp; Fork
403636,FS: Mavic Open Pro 32h rim + all you need to turn it into a shweet fixed/ss wheelset 
403573,Stooge Speedbomb 29er üíü üíú PURPLE üíú üíü Truss fork !!
397628,Unused Skeace Crankset (aliexpress) 49t - 144bcd - 165mm
403781,Wtb - Carbon Fork 1/8 straight
396673,For Sale: Squish 20 Kids bike
402387,Dura Ace 9100 + Ultegra 6800 11-SPD Cranksets
403784,HT Components PA03A Flat Pedals (Black)
402580,Cuda Fluxus Mini kids racing BMX ¬£60
403690,"Rapha jerseys, sweats and brevet gilet"
403358,Genesis Croix de Fer / small (52cm) / Frame &amp; Forks + extras / also wheels
402936,Place to put your feet - pedals 
403488,Marin/ Viscount/ Falcon- 3 projects good to go!
400424,FS: a few framesets
402788,54cm Surly Straggler (open to trades)
403787,Cannondale Systemsix Hi-Mod Frameset. 56cm.
403632,Swap my 1948 CWS Roadmaster frame and modern forks for modern Clunker frame
401116,mini velo - csepel
403788,"Shimano R000 groupset, R7000 crankset, Bars, Stems, Pedal &amp; setposts"
400677,SKREAM RANGER STEALTH EDITION 1 of 40
403673,SOLD - Goodyears Eagle F1 (tubeless) 700x28 - two pairs of
403790,Bike Friday New World Tourist - Chris King - ¬£375 - Cardiff
403789,Sram red 2x10 groupset - ¬£225 posted
403595,Ortlieb Panniers
403621,"3 Pairs of SPD shoes Chrome,Adidas,Specialized "
388550,Talbot Steel Disc Road Bike SRAM Zipp 55cm
403795,Free stuff - lots of bits
402230,Zipp 404 firecrest FRONT - new - untouched in box - ¬£295 posted
401657,For sale 2012 Specialized P.Fix Medium
403404,Ultegra 6500 9 speed Groupset
403735,Sram force 10sp derailleurs ¬£24&gt;&gt;¬£20 posted
403797,WTB double toe clips XL cages
403718,FS: On One 456 Evo II 26&#39; rigid XC rolling chassis size M ¬£500
403594,Cinelli Gazzetta della strada 54.5 cm M FF
403802,Brother big bro Large - bikepacking rig 
403803,Clearout: Thomson stem / 105 cranks / hope retainer / etc
403807,Salsa 130mm riser quill stem
10756,Babyldn Bike Jumble this Sunday 
401689,"Velo Orange Grand Cru Crankset, GRX Mechs, 105 hydraulic shifters/calipers, Thompson Stem, Hope Evo Crankset "
403811,Terry Dolan Frame (fork broken) FS - as seen
403650,Independent Fabrication Factory Lightweight frame and more
403651,"FS: Tokyo Fixed Wide Open, quite large, frame and fork and brakes and BB"
403813,CWS Roadmaster Klunker frameset 
403816,Pinarello Monviso Frameset with Campag Chorus threadless headset
403817,Free cycle wheels 
403249,Hope RX4 / Sram Code RSC / Shimano Flat Mount brakes with flat bar levers
403525,2 x Panaracer Gravelking SS 700*45
403482,FS: Genesis Tarn (L) 29er w/ Pike Ultimate
398463,For Sale: Brother R725 Frameset
403819,52cm Condor Super Acciaio complete bike for just ¬£450
403820,Shimano 105 Hydro Groupset ¬£205!
381704,FS Ridley X-Fire Carbon Cyclocross full bike 54 + carbon tubular wheelset + 2nd muddy wheelset
403823,Thorn Club tour 55L 725/853
403614,X2 SRAM brake rotors - centreline X road 
403700,Restrap race top tube bag
403693,X2 Arundel carbon bottle cages 
403576,Exposure Revo Dynamo light (front and rear) plus usb charger
403827,"Orbit Profile 24 Lo Pro 600/700 frame set, disc wheel &amp; Bars"
403683,Brooks saddles (lots!) and a couple of other leather ones.
403053,"Brompton bits - Ti front rack, black seatpost, 2spd rear wheel"
390614,Shimano MT600 boost front FORSALE - ¬£25 inc postage - unused
403828,Harry hall MTB frame set
403829,Road Carbon Fork - straight 1/1-8‚Äù and mudguard mounts
403238,"For Sale: Sim Works x Velocity Standalone 001 rims, 700c, 32h, silver, msw, great condition."
403831,"Misc vintage MTB bits - Turbo saddle, bars, stem, brakes/levers, shifters, etc."
403833,Dura Ace 7600 x Campagnolo Omega V track wheelset - clincher
403834,[For sale] [Brand new] Shimano 105 12-sp crankset
403608,For sale 20‚Äù squish bike 
403836,Two pairs of Tabolu clipless/SPD road/gravel/fixie cycle shoes 
403837,J√∂ttnar Anda Hardshell Jacket
403560,¬£70-¬£60-¬£50 Small Specialized Transition Pro 2007 TT Frame and Forks
403558,"Sweet fixie wheels: BLB track to Velocity deep V, BLB King to H + Son Formation face"
398825,Surly ECR w/Rohloff - ¬£1450
403733,"Thomson Elite, Black, layback 27.2 / 330mm"
401594,"Charge Plug - XT, SLX, DT Swiss, TRP, Schwalbe "
402350,Cane Creek Helm MK1 29er Boost air fork. 100-160mm travel
403637,MASH steel 55cm neon green blue fade + bits and bob splitting
403396,Surly Steamroller 49cm yellow
403848,[ For sale ] Bombtrack Arise beater touring bike XL
403847,Sram Omnium Crankset
403849,Burley Bee Trailer
403851,Wheelsets - Cosmic tubular and ksyrium clincher
403679,"Nice-ish new and retro road stuff: Dura-Ace, HED, Selle Italia, Modolo, 3TTT etc. etc."
403852,Emonda ALR Disc 54cm Purple Flip Frameset
403642,Rollers For Sale. Tacx Galaxia
403347,Qeridoo Sportrex 2 - Double trailer / child carrier
403856,11 speed and 9 speed Shimano cassettes
403857,wtb pursuit bars 31.8
396948,"Token T55TK carbon tubular track wheelset, Tufo tubs"
403574,"Specialized Power Expert, Vision Handlebars, Shimano Hubs"
403860,Supernova Airstream F&amp;R Lights ¬£40 
403862,The Time Machine 
403864,Islabikes Beinn 20s kids bike 5+ ¬£130
403863,Vintage ALAN Road Bike
403865,WTB - Steamroller (59) or Dolan Pre Cursa (58)
403866,Ascend XL Dropper 200mm 31.6
397516,Sale Retro MTB shimano Exage full groupset + wheels + conti tyres all for ¬£50!
292995,NJS Bomber Pro track bike
292993,Dura Ace 7710 Mavic Wheelset
292994,GranCompe Mavic wheelset
326406,Black tubular track wheel set 
402953,Solid white oak bicycle wall mount 
403869,30.6 x 367 Thomson Seatpost
403870,"Retro Goodness - Campagnolo, Moots, American Classic, Speedplay, Flite etc"
402980,Shimano ultegra R8000  crankset 52-36 .Praxis works cranks 48-32
403301,"Price drops - Clear out: Shimano shifters, Brompton seatpost, Bontrager bars, Thomson, Profile Design"
403476,Ritchey breakaway large
402896,"2 Gazelle Frames - one free, one cheap"
403873,"Pickenflick F&amp;F (Large), Hope 650B wheels"
403874,Rohloff tensioner and XT M735 mechs
389156,24&#34; Jack Taylor Super Tourist
403875,61cm Colin Cape
403878,F.S. Chrome Truk Pro uk 5
403880,F/S Geoffrey Butler Road Fixed Bike (small)
403879,Giro gravel/mtb shoes eu39
403881,Dura ace 9000 full(ish) groupset
351355,Free Cardboard Boxes for Bikes/Frames/Wheels - Consolidated Thread
403886,FS: LFGSS Jersey and FREE cycling clothing 
398757,FS: Gravel Tyres
403888,Various bits and pieces for sale
403887,FS: Cheap MTB wheels + tyres + cassette + rotors
403889,FS: SRAM SX drivetrain - ¬£50
403890,[For Sale] 1981 Pinarello Treviso Road bike
403699,Restrap saddle bag
403892,Muddy Fox Road Runner 26‚Äù /  58cm S-T
403895,Freecycle - Peugeot
403896,"For Sale : Altura Nevis Nightvision waterproof jacket, blue, size small."
403899,Free cycle-Hunt x Mason rear disc wheel Shimano freehub
403905,Handlebars - a lot of them 
403904,LOOK ERGO Stem for Standard bars 
403903,BBB adjustable Stem 
403902,"Giant adjustable stem, for standard bars "
403901,ITM adjustable Stem 
403900,Adjustable Stem - XTASY brand
403906,"Very Small size EU 36  Specialised  Body form Cycling Shoes  ( New, Old Stock ) "
403909,"Bullitt single seat/side panels/tonneau, EVOC bike bag"
403908,Large Specialised  Body Form Road Shoes
403912,FS Islabikes CNOC14 &amp; 16
403911,New Knog Oi Bell Small (22.2mm bars) ¬£12 Delivered
403913,Thule chariot cross single very good condition / ¬£450 / N17
403916,Sonder Broken Road NX Large 
403915,Stronglight Z cranks
402729,"Big bits clearout. Track Wheels, Stems, bars, saddles, chain rings, cogs. Nitto, DT Swiss, sugino, BLB and more "
403541,2 pairs of Time Atac and used cleats
403918,6mo Hackney Cycles 51-53&#34; frame  - ¬£175
403676,Berthoud Aubisque Saddle ‚Äî Natural 
402515,¬£FREE Graham Weigh 45x51 (cm) frame and Pro-Lite Forks
403921,BLB Sprockets and lock ring - 16T 17T 19T - ¬£20 posted
403922,Dave Yates 853
392998,"Kinesis Decade Convert 2 fixed road bike complete, Dura Ace, Fizik, Zipp, etc ¬£250"
403925,Trek Allant + 8 ebike Bosch ¬£1500
403928,Mavic Speed City helmet - Small 
403304,SOLD Miche Pistard Tubular Track Wheelset
403586,105 rim brakes SOLD
403932,SPDs galore 
403935,"FOR SALE: NEW Uniqlo BLOCKTECH Parka (3D Cut), Olive, Medium"
403937,Mavic Cosmic Carbone ssc 40mm rim brake - v cheap!!
403938,Timbuk2 TED talks courier bag
403940,"Saddle clearout. Brooks, WTB, Flite, Fabric "
403941,Leader 725 Track Build 
400644,Custom Mercian Audax/KoM -  Pompino V2 - Large (Sold)
397260,Shimano Alfine wheel 
403946,POC Omne Air MIPS Helmet
403460,Quite a few stems (cheap!)
403539,2x Large Framesets (Ridley - Canyon)
403947,E-Bike - Giant FastRoad E+ Pro 2
403951,FS: Corsa Control Graphene 2.0 28c Tanwalls
400087,"Clear-out: deda bars, ultegra pedals, ISM saddle &amp; carbon seatposts"
391345,Koga Miyata (60cm) / Alan (50cm) / Gazelle(63cm) / Specialized (47cm) - Closed
398249,FS: One One Bootzipper Rolling Chassis M
403954,FS : Chris King No ThreadSet 1&#34; Patriot Edition
403096,Titus Goldrush Gravel/adventure bike Ti size large
403955,Shimano PRO front Carbon 5 Spoke track Wheel 
403192,Smoothie maker bike
403958,FS- Cannondale badboy lefty size Small 
403962,Cinelli Hobootleg Hybrid Touring Bike
402602,Cheap alloy drop bars (Deda / Thompson / Salsa)
403115,Shimano Ultegra dual power crank 172.5 50/34
403965,"Kids Rockrider ST920 24inch Mountain bike. Air forks, hydro brakes - Top of the range decathlon kids bike."
403968,FS: Saffron X Death Spray Custom Frameset
403969,sram red/force 1x mini group
395281,Specialized Diverge E5 21 Grey 61cm
403242,Bars in SE
403971,"Spring cleaning bits (Restrap bags, Fizik shoes, Alpkit Hunka, Topeak) "
403972,Manivelle silver basket
403973,Handmade made-to-measure cycling caps
403976,FS: Champion System Carbon Road Bike ‚Äì SRAM Apex ‚Äì ¬£625 OBO
403977,Vel 35 Gravel Wheelset (new) and Bluemels Mudguards
403978,FROG Tadpole Mini ‚Äì TdF (Yellow) Edition ‚Äì¬£90
403979,Brooks bag- real onez know
403278,¬£5 Size Small (or equivalent) Clothing
403436,FOR SALE Shimano ultegra / 105 groupset. 
403585,Rolf Vector Comp Wheelset
403983,Shimano Dura Ace C24 9000 Tu tubular rear wheel
403479,Verenti Belief XS size 50 cm  bike Aluminium frame carbon fork Tigra groupset ¬£275
403985,Fixed gear trackocross 60cm
403987,FS: Norco Threshold Flat Bar CX Bike 51cm
403988,Marin Palisades Trail basket  &#39;dad bike&#39; 20&#34; / 57cm
403989,Orbea Katu Bosch E-bike 
401202,"Seb&#39;s Clear-Out: Ritchey, Rene Herse, Rapha"
403993,"FS: Most of a 56cm CaadX, Hope brakes, SRAM Red"
403992,Chrome bags &amp; thomson bars
403998,FS: Omega Reilly steel frameset
404003,Specialized Aethos &#39;Comp&#39; AXS Rival - 56cm
403686,FS White Adidas Velosamba size 9 
402853,Canyon Ultimate CF SLX XXL 2014 Di2 Rim Brake Frame
403698,HUNT 34 Aero Wide Disc SL Wheelset - ¬£190
404013,Caad 12 frame size 56 - almost a complete bike... but not quite!
404012,"700x40 Goodyear Connector Ultimate , pair. "
402789,Condor Limited edition World Series single speed bike - size 55cm
404017,LOOK KEO classic pedals
404018,"Pair of Conti Grand Prix 28mm , NOT 700"
404020,"Small Road Bike , and a Dawes Kingpin"
404021,Hope Bro5 650b carbon wheelset
326112,Thomson x2 100mm -10deg stem  &amp; Thomson downhill risers 600mm
403280,"Wheels, bars, stem, brakes, shifters, seatpost, saddle... most of a bike"
404028,Dave Yates / Spen Velo 631 audax 60cm
404029,"Easton ea90, Juintech, Campag rotors, GK SS+"
404030,Condor Italia 52cm - 5800 105 - ¬£300 ONO
403567,FS: Serotta Colorado III
404031,Box of bike stuff for free - sW19 
403591,"Carbon wavy rear track wheel,pair of carbon rims 60/65"
404036,POC Octal MIPS in Purple
404038,Pair of S-Works Turbo Griptons 26mm
404037,POC Omne Air Spin in Yellow
404039,10/11 Speed Cassettes
404040,Giro Spherical MIPS
404041,SOYO LONG GRIP S.V     Keirn Grips 
404042,Aende Lopro 700-650
404044,WTB - Fixed wheelset: show me what you&#39;ve got! 
404045,Wanted: Gravel Bike (47-50cm)
404048,WTS: Dolan FXE 60cm frameset / full bike (?)
404049,silver Brompton mudguards
404050,FS: Cinelli Tutto Plus XL Brand New Condition
404051,Rockshox SID XX 29er Forks
404053,Adidas EQT Frosco Speedplay Cycling Shoes size  42 2/3
404054,LAKE Woman&#39;s Cycling Shoes
401168,Thule Chariot Cross Single Bike Trailer Jogger Pushchair ¬£280 Cardiff
404066,Outland Keo compatible pedals 
404067,Charge Freeeeestyler Medium FGFS 
402584,Shimano mt200 brakeset (left and right)
402997,"Scribe Aero Wide+ 60-D (1,579g) - SRAM XDR/Campy N3W - Wheelset - ¬£450"
404074,FS: Brother Mehteh - Sram Rival/GX groupset
401205,SOLD Temple Cycles Classic frameset ‚Äì ¬£70
404076,"Turbo time, lifeline tt-02 fluid trainer ¬£10"
404077,Allied Able (Original version) Frame in XL
390650,Olmo Mercury Frame &amp; Forks
402887,Thule Yepp Nexxt 2 Mini + xtra adaptor ¬£50
402973,FS: Trek Crockett frameset 56cm
399233,Hamax Bike Seat Yanno for Kids!
404083,Zipp 303 Firecrest Disc Wheelset 
396187,My first Shed clearance / Free / Forum Donation / Cheap  
403303,Beater Mavic Fixie / Single Speed Wheels.
404090,Sugino Zen 1/8 47T ¬£99 posted.
404094,For sale: Thule Chariot Cross 1 Single Child Trailer - Orange 
403540,Sigma Sports Vel Alloy All Road / Gravelly wheelset 700/29er
404099,Freecycle: 2 kind of funky jerseys‚Ä¶ 
404100,TRP Spyres flat mount + NEW jagwire compressionless housing ¬£75 posted
404101,Fs- Mavic Ellipse track wheelset
403164,Beater Single Speed
404103,Nitto stem goodness
404106,"FS: Columbus Minimal carbon fork, rim brake 1-1/8&#34;"
404110,Rapha Pro Team insulated gilet - like new ¬£50
402097,"FS. Omnium Mini max WiFi - Small - 11 speed XT, Hope, Dynamo Lights, Mudguards "
404112,Shimano 11sp shifter
404114,Campagnolo Shamal Track16 front
404117,Carradice Bags (Super C Audux &amp; Longflaps) and a Pelago Rackbag medium
404118,"Mavic Cosmic SLE carbon clincher (rim brake) wheels, Shimano 11 sp, Exalith brake track, ¬£140"
404119,WANTED: complete bike 50-53cm 
404122,Kask Protone Icon WG11 - Medium - Gloss White
404121,Campagnolo Chorus carbon ultra torque compact crankset 
404124,"More Rapha Pro team (some like new, some old), Albion gilet cheap!"
404125,Clearout - clothes and parts (some freecycle)
402448,Race winning Taiwan KOM tubular wheels......¬£380...¬£300 now  ¬£260
402597,Shimano 105 r7000 mini groupset 11speed
404127,Transition Rapture frame &amp; Sugino SS cranks 
404131,FS: Pair of Panaracer Gravelking SS 700x32c Colour Edition Pink Tyres
395285,F/S S-works Recon lace shoes size 48EU new
404135,FREECYCLE: Eu 47 Shimano SH-MW501M
404137,Brand New Dura Ace 12 speed 52/36 175mm chainset
395591,Mtb bits
394899,Rapha Focus Mares 
366591,"The shed clear out continues... Sinewave, Paul, Velocity, Rapha, Sunrace bits, Shimano dynamo wheelset and more"
404140,"FS: Sportful Jersey, Bibs BNWT, DT Swiss ERC1100 rims"
402650,FS: Gore Shakedry C7 Stretch XL
404143,"Garmin Edge 25, Giro Shoes, Gravel Kings, Pedals, TRP HYRD and TRP Spyre-C"
404145,Small Trek Touring 520
404147,"Freecycle: Specialized Rockhopper, Voodoo Limba, Genesis Flyer"
404149,FS: XL 62cm Ribble road bike w/Tiagra - ¬£150
404148,"Deore M5100 11 speed cassette, derailleur, shifter"
404151,Pirelli Cinturato Gravel M tyres (pair) 35x700c ¬£20 posted
402316,John Spooner track frame
402628,Freecycle: 26&#34; wheel build project
404152,"For Sale: King bottle cages, stainless, 1 standard, 1 lowering "
404155,"Wanted: 50-52cm steel touring, gravel or road bike, mid-range budget"
404158,FS: Cinelli Vigorelli - Medium (54cm) - Fixed Gear (E17)
401804,Ultegra di2 bits
400281,S-Works Aerofly II 40cm Handlebar
404162,For sale: Velo Orange Voyager 650b rims + Schwalbe Wicked Will 27.5 x 2.4&#34; tyres
404164,for sale] colnago classic road bike ‚Äì campag veloce ‚Äì columbus steel ‚Äì 58cm
404165,Southern Distributors clearance sale (50% discount) 
404166,Swrve Trousers 31 and 33 
404171,FS: upgraded Surly Lowside 
404173,Custom made front rack - Cetma style
386279,Conti Hardshell 25
401604,Freecycle: bars and gloves and stems and pedals and pads
404174,Free Hunt Wheelset for spares or project
404175,Bike Tag-a-long (never used)
404176,Thorn Brevet road/tourer 
404177,Redshift suspension stem - 100mm - ¬£100
404179,Beater pub bike 54cm
367981,Albb neverending sale (I do take offers)
402971,FS: Roval Alpinist 440mm x 110mm
404186,Brooks Panniers set 
404187,Ortlieb rear panniers.
404188,Fulcrum 7 Racing DB Wheelset Complete
404189,"Spring clear out - speedplay, pedals, stems, bars saddles"
404190,"Shimano XT M8000 Derailleur, Shifter + KMC X11EL Ti-n Gold chain"
404191,Viiner Mitus 55.5cm carbon frameset ¬£60
404193,"FS SRAM Rival 1x Groupset, free damaged Frame/wheel and Parts"
400954,Favori Ellis Briggs touring audax full bike
404197,Marin Bear Valley SE 19&#34; 
402491,Ribble Reynolds 653 Steel 60 x 58.5cm Vintage 1990s Road Racing Bicycle
401921,Orbea Gain carbon e-bike - Large 
404198,"Clear out, stems, bars, cassettes, Seatpost, saddles and more"
404199,Exposure Sirius MK10 Daybright - New 
404200,Honey Brooks Swift Ti rails
402500,nagasawa njs f&amp;f
404203,"Dynamo wheelset, disc, qr, carbon 700c"
404205,Claud Butler Dalesman ‚Äì Reynolds 531 Touring Bike ‚Äì 60cm ‚Äì ¬£475
404206,CS-R8000 11-32 cassette / Conti GP 4 season 25c
400785,"8 bar Mitte V3 gravel/ all road frameset 58cm, L"
404211,Power 2 Max S type power meter crankset Rotor 3D+
404214,Cannondale M800 Beast of the East
404213,FS: raleigh 59cm steel frame need gone
404212,"FS: clearing out some handlebars, wheelset, stem, brake lever"
400485,Diamondback Ambition 700c MTB frame - early 1990s
401713,FS: Wizard Works Alakazam Basket Bag - Wald 137
377334,FS: Whisky Carbon caliper forks 
404217,750ml Ultrasonic cleaner
404218,XS Ridley Noah
404219,Vitesse Evo 105 size 52 (small)
404220,Vitesse Evo 105 size 52 (small)
404229,Brian Rourke 853 55cm
404231,"Carbon saddles, tubes, ratty ortlieb messenger"
404234,S-Works Turbo Gripton 26mm
404233,Shimano 10 Speed Cassette
404232,Oxelo / Decathlon kids pads set (2XS / 3-7yrs)
404236,Scott MTB Bar and Richie Grips
404235,POC Octal MIPS (56/62)
403719,Clockwork Orange  ¬£75
383682,Top end Zone 3 Victory wetsuit M/L unused RRP ¬£660  asking ¬£120
404240,SRAM Red Etap 11 Speed Mini Groupset
404242,Toddler balance bikes/ride-ons
404243,Spring clear-out
404244,Ultegra Di2 11 speed hydro disc groupset ¬£375
404245,WTB steel frame track bike threadless Ahead setup 54-56
404247,Blackburn Outpost Frame and TT bag
404246,"Bank holiday bits. Rapha jerseys, Swrve shorts, free Sram FD"
404248,Bigxtop Daysack ‚Äî Camo 
404250,"26&#34; tyres, pair of Vittoria Tattoo Lights"
404249,FS: 42cm bars / 160mm CL rotors
404252,velo orange polyvalent 51 green
404253,Nitto drop bars / Cinelli stem
376927,"FOR SALE. 105 R7000 rim brake groupset. ( Sans Brifters ), NOS Tektro Levers, Sunspel, Barbour and Lacoste. "
404256,Kona Major Jake 53cm (Carbon - oil slick respray -CX/everything bike)
404258,Swap: My VO Klunker bars for Surly Sunrise
404259,Dolan Pursuit Champion
404264,Isla Beinn 20
399747,Eddy Merckx San Remo 76 (53)
404266,FS: Specialized Torch shoes; Deda Stem; Le Col Wiggins Pro bib shorts
404268,Manivelle basket and hardware 
403226,WTS Surly Steamroller 60cm with nice bits (price drop)
404274,Specialized Aethos Expert - Ultegra Di2 - 58cm
404275,New Balance BB480 UK9
404276,Orlowski Frameset 58cc
404277,Brooks cambium c17 - brand new
404278,"Charge mortar single speed 29er, Fixed gear"
404280,"Oak Cycles Fillet brazed Columbus spirit/max, paragon drop outs, enve road disc fork The Time Machine!"
404282,Supernova E3 Pure 3 Dynamo light set 
404292,"Clearout! Nitto Stem, Diacompe Shifters, Bars, 650b Wheel, more!"
404293,Quarq carbon chainrings with power meter
404297,SRAM Red AXS 12sp rear derailleur - 36t
404298,"Titanium Monster Cross rolling chassis - Carbon Hope/DT wheels, BOS Fork, nice bits!"
404299,Anyone Shimergo curious?
404301,Mavic Ksyrium SLR SSC Exalith 700c Clincher Front Wheel
404300,Campagnolo Eurus Carbon G3 wheelset
404302,Campagnolo Chorus Carbon 10sp Groupset for sale &gt; ¬£225
404306,Specialized Pizza Rack &amp; Bag ¬£80
404308,Cheap Steel Frame 57cm x 57cm
404309,Drop Handlebars FS ¬£10
404312,Swobo cotton work jacket - XL 
403046,Universal Colours Jersey - Large (more like a medium)
404318,Dura Ace Rim Brakes | SiSL2 Chainset
404319,Rapha gore tex navy - medium
403648,Specialized Expert Alloy Shallow Bend Handlebars - 42cm
404321,"Clearout: Pas Normal, MAAP, clothing and accessories"
404324,FS: Pegoretti Duende and Independent Fabrication Club Racer
404327,Planet x electronic groupset gravel bike
404328,"Nice stuff: droppers; headsets (CK, Hope), Paul hub etc"
404332,First gen dura ace track goupset 
404333,Roberts 55cm touring bike
404334,F. S... Pioneer DDJ800
403123,"Wheelsets: Araya Super Aero, Campy Atlanta 96, TB14 + BLB, Reynolds Attack Carbon, Campy Omega 19"
404339,Time Edge First  frame &amp; fork
403413,Boardman CX Team
404340,FREECYCLING Car rear/boot 3x bike rack
404341,O/T: 1x Gralloch (Gravel world‚Äôs qualifier) race entry
396979,For Sale: Full mixed Shimano Groupset.  Triple Chainset. Mavic Open Pro Wheels
404342,Free -  Mavic T Shirt and Zara Casual Shirt
404343,Sweet Protection Seeker MIPS helmet
404344,10 speed Grx 400 part groupset ¬£110 posted 
404345,Cane Creek Levers/Hope Seatclamp/Pedals/ChinaCarbon seatpost+more
394632,2k2?? Parts Jumble!
404346,KHS Flite 1000 Fixed Winter/Beater
404347,"Conti tyres -Ultra Sport 25c folders,  GP5000 ASTR 28c "
402872,"Albion Zoa Rainshell (S), SP Dynamo x H+Son 32h rim, Wahoo Elemnt, Maap Alt Road 1/4 zip, Zipp SC SL stem"
404354,For Sale: Wheel set - Goldtec 32/32 fixed/fixed
404359,For Sale: Van Rysel EDR AF 105 - Size L (56)
396922,Bianchi Oltre XR2 - Size 55
398894,FS: It&#39;s a tyre sale! Rocket Ron 29x2.1 and 27.5x2.1
404365,Park Tool TW 5.2 Torque Wrench 
404364,Free cycle indoor bike hanger/shelf
402569,Frog 74 kids/ teen bike
404367,Genesis Flyer 2017 - 52cm ¬£200 (Glasgow)
404368,"Fixed / SS Wheelset, Mavic CXP, Polished hubs"
404370,"Bikefit clear out - Dura-ace cranks, power meter, Romin Evo saddles, Thomson setback"
404371,ANOTHER Rourke 853 58.5/54.5 CK/r8000/columbus
404372,Specialized hardrock comp 2000s beater
404375,Thomson setback seatpost 27.2x410mm &amp; 2 X4 120mm stems
404376,Hope Pro 4 Boost Carbon wheelset 650b
404379,"Zipp carbon bars (with a caveat), ENVE bars, ENVE stem, free Deda bars"
404380,"FS: Ridley Oval frameset, 60cm"
402740,Genesis Volare 30 56cm complete 
404381,Shimano Dura Ace BS77 9 speed bar end shifters near mint
403500,HKS Super Toughness NJS chain 1 1/8&#34;
403687,Cheeeeaap tyres ¬£5 / ¬£10 / etc 
404382,"FS: Miche Wheels, Alpina Fork, Conti 4 Season 25mm, Di2 Parts &amp; Shoes!"
404383,Red stuff: Campagnolo 11-speed hoods and JRC chain catcher
402869,"SPRING CLEAROUT - Ritchey, Stronglight, Genetic"
404394,WTB: Campagnolo cassette lockring (CS-201)
387546,Sheffield BIke Stand - Free
404400,Relisted: Brooks Cambium C17 Saddle - New - ¬£70
404402," Carbon city bike, 52cm"
404403,Salsa Vaya 54cm ¬£900
404405,Vintage Suede 3ttt saddle 
404407,Vision Street Wear Black High Tops
395128,Marin Nail Trail 7 2017 Hard tail size L 29&#34; wheels
404409,Any Kona band wagon or kona paddy wagons? 54-56
404414,Chris King external BB in gold (needs ball bearings)
404419,Corima Winium Carbon Tubular Wheels Rim Brake+Shimano
403056,FS: Soma Rush 51cm purple and bits
397111,Fs: middleburn crankset//bottle cages ti//carbon
402074,For sale: Brompton Endura waterproof jacket ( next to new )
404422,Endura Gridlock II waterproof overtrouses
404425,"SRAM force etap (rim brake) levers, disc brake calipers"
387146,Frame+Fork: Officina Battaglin Power+
404427,Omnium cargo size:M  - rose gold
404428,Roval c38 disk wheelset
404429,Kona Rove AL Gravel Bike 56cm ¬£350
404430,Dolan Carbon Track frame and Campagnolo Record Pista chainset for sale 
404433,GravelKing SemilSlick  700x42 excellent condition 
404436,"Brother All Day - Copper, 56cm"
404437,Joseph Kuosac Brompton Mid Rise Bars
404439,Mavic Aksium rim brake wheelset
404442,"Parts bin clearout - 10s cassette, bb, stem, cinelli tape, chainring"
404441,Vittoria Zaffiro Pro G2.0 28mm Clinchers
404440,POC Octal MIPS in Purple (L)
404443,Fs Rapha Hoodie - XXL
404445,"Simworks Quill Stem: 90mm, 25.4 clamp "
404448,Scott 580mm bar with Ritchey foam grips
404447,Sungod Vulcans with case ¬£70
404449,Archetype on pink Chris King 6B QR front wheel
404451,3t Aeronova Team handlebar 40cm
404452,Mash AC-3 frame and fork
404457,FS: Kona paddy wagon (kona chromo) 53cm
404460,DT Swiss P1800 Spline wheelset + GP5000 tyres
404459,For sale: Shimano 105 groupset / Campagnolo Chorus &amp; Cannondale SI 11 speed chainsets
404465,"Clearout - SRAM AXS bits, Ultegra 165mm chainset, Light Bicycle 50mm rim brake wheel set, Albion jersey"
404467,Eddy Merckx 10th anniversary frameset 
402839,FS: 2 x 20L Ortlieb Back-Roller classic panniers
404472,Splitting: CAAD 7 50cm / Force 10spd / Red crank / Tune/DT wheels
404473,Sturmey Archer TCW coaster hub
404474,Freecycle - 31.8mm drop bars 
404476, Apidura Backcountry Down Tube Pack
404475,Please delete
404477,FS: Force 10 speed groupset - Red Chainset - Tune/DT swiss Wheels - Saddle &amp; Bars
404478,FS Goodyear F1 Eagle 700c 25mm Tyres (unused)
404479,"Misc parts clearup: Mavic, Miche, Sugino, MKS, Pro, Alpina"
404480,Vittoria mezcal 700-44c
404482,"Freecycle parts bin - bars, seatposts, tyres, stems and more"
403472,Unique HHSRB - 54cm - Columbus Brain + 105 + Carbon Wheels + Special Paint
404484,"Components for sale : Shimano chainsets, Di2 FD, Hydraulic brake, 15 FD and RD, Hunt Wheelset, and more"
403148,"FS: Track / singlespeed chainrings and cogs, Hope, Mavic skewers"
404488,SRAM direct mount 130bcd spider
404489,FS: DT Swiss E1800 Spline Wheelset
404493,A few cheap racks and bars
400780,FS: Shimano RX801 Shoes - Size 45
388677,Sold: Rock Lobster Hardtail 20.5&#34; Single Speed 
404494,FS bag of Cycloc pedal hanger bits
404501,Babboe Curve di2 ¬£1000
404504,For sale - DHB and Altura jackets and accessories
404503,"RITCHEY stem, bars, seat post, saddle, wheels"
397735,FS: Panaracer Tyres GravelKing Slick TLC 700c x 38
404508,"Tools and miscellaneous free bits (feedback, park tool, misc)"
404510,Cheap chains and free cassettes (11spd)
404512,1989 Diamondback Apex and 1996 Trek 990 
404514,"11 Speed Shimano XT M8000 Derailleur, Cassette, Shifter + Chain"
403643,Lots of parts and being updated as I find more
403589,Cannonale Synapse For Sale - Extra Large Frame - ¬£200.00
404516,"RITCHEY stem, bars, seat post, saddle, wheels"
401126,&#39;92 Condor track 56cm / sugino / mavic / 3TTT
404519,"Cannondale Supersix Evo frame, fork and cranks."
404520,Tokyo Fixed Wide Open - complete bike
398000,FS - Shimano Ultegra 6700 Cranks/Ultegra 6800 FD &amp; RD/Shimano RS685 11spd hydro shifters BR RS785 PM calipers plus extras/Shimano M520 pedals
404521,Weinmann dual action brake levers 70s 
404524,Patrocleats Midfoot Adapters
404526,Giro &amp; Shimano Shoes and Challenge Tyre
404527,Freecycle Mavic XM319 29er/700c 32 Hole 6 bolt Disc wheelset with XD freehub
404528,Dolan TC1 58cm
404529,"Handlebars, stem and saddle (Fizki and Zipp)"
404530,"Clear out: Nitto, brakes, bars, stems, rollers + more"
404531,Medium Genesis Croix de Fer 50 853 with full GRX 800
404534,Met trenta 3k carbon white large ¬£95
404538,Titanium Sonder Broken Road / sram axs / medium
404540,Larry vs Harry Bullitt cargo bike. Rohloff 14 speed hub.
390523,Borrow my ShockWiz 
404544,"Retro Italian cycling jersey, large. Free to a good home."
404545,Conti Grand Prix 4 season 32mm x2
404548,Free cycle Rapha x Paul Smith jacket‚Ä¶‚Ä¶
404547,"Kinesis Fend-off mudguards, black, road size"
404550,FS: Yepp Maxi Easyfit - Child bike seat
404551,Speedplay pedals 
404552,FS: Klunker Klearout.  SBC x SnapOn x VandalMetalworks complete bike and Schwinn frame
397445,H Plus Son Archetype rims 24/28
404554,"Shimano Ultegra di2 12 speed shifters, disc calipers, rotors and front and rear mech"
404555,"Small blocks 26&#34;, Eggbeaters,MKS tugs, Fixed cogs."
404557,Freebies Deda Newton 44 cm handlebars with shimano Claris shifters San Marco saddle .
390282,Steel Canti forks: Project2 and Bontrager
404563,FS: Brompton S2L (C-Line Equivalent) 2008 Model in Black - ¬£500
404564,FS: Brompton S2L (C-Line Equivalent) 2015 Model in White - ¬£600
404566,56cm Supersix Frame &amp; Forks
404568,Rock Lobster Team Tig 853 Complete Bike
404569,[FS] Easton Maxlight beater / runaround / dad bike 
403442,"cheap/free stuff..bars, tyres, brakes, chains etc..."
404570,Brooks Cambium Barbour x Brompton Saddles ‚Äî C15 + C17
404571,Free: Single Speed Beater
404574,Free ratty Razesa track
404575,WTB Track frame 60-64cm
404577,"Carrera Vulcan 26&#34; alu 7005 complete bike for sale, funky CI-Deck dashboard! MEGA-RANGE super-low etc. Shimano things "
404576,"On-One Drooper 42cm, Deda ZeroOne 120mm still up"
404578,Uvex Full Face Helmet Sz Large FREEcycle
404580,Cougar 55cm x 55cm 
404581,Silca Impero ii pump
398571,"C40 (54cm), neo retro Chorus 11v"
400235,Legend Fedaia
404587,FS: Wahoo Kickr Snap Smart Bike Trainer &amp; Laptop Stand - ¬£80 (offers considered)
404588,Dahon Dove Fiat Edition Single Speed Folder 14inch Litespeed
404589,Specialised Riva and Giant Saddles
404591,Ladies Red Medium 5 gear Step Through Viscount Metro 5 
207812,For Sale: Slam that stem - low stack headset cover
393181,Stayer Cycles OG+ - Rolling
401634,FREE Cinelli C wing saddle
404593,FS Chesini Prima Columbus Spirit frame 
402007,More Price Drops - Focus Izalco Max Frameset (Rim Brake (Di2 or eTap) / 56cm / Black / Enve 2.2 wheels and components) - ¬£ Splitting
404597,Parts Bin Sale
402006,Price Drop &amp; Split - For Sale - Cannondale CAAD10 (Rim Brake / 56cm / Chrome &amp; Black) - ¬£ Prices in Convo
404599,Steve Goff frame and fork 631 ¬£60
404600,Graham Weigh ¬£40
403279,FS: Supersix hi-mod F+F
401889,"FS: Decathlon Oxylane 120 6 speed 20&#34; folding bike, ¬£60, London SE15"
404604,Paul E-Lever Right 22.2mm Purple
404605,Heavy hearted sale 1976 Raleigh Record 
404606,Free cycle - Brompton tyres: Schwalbe One
404611,Beater Wheels + Tyres (Schwalbe Marathon)
404612,MATE - 2017 E-bike - nearly new 
404614,TREK Antelope 830 MTB - 18&#34; frame - full build
404615,FELT - Dispatch 45 - 29er hardtail MTB
404616,Custom Surly Instigator with Crust Clydesdale Cargo fork 
404617,Cannondale Supersix Evo SE Flatbar Gravel Bike.
395776,For sale: Sram Force AXS Cassette 10/28 
404619,10 Speed Chainrings
404620,Dolan Pre Cursa 58cm
404623,Wiggins Chartres 26 Junior Bike
404624,FS: Thomson Elite Inline (cut down to 250) ¬£20
404625,FS: Vision Team GR30 disc wheelset
404626,Mission Workshop backpacks (Vandal &amp; Fraction)
404627,Genesis Equilibrium 725 (size XS) ¬£300
404628,"Rapha Pro team shake dry jacket L, Specialized S-works seatpost 27.2mm inline"
404629,Carradice Cambrian lightweight saddlebag camo
404632,New Vitoria corsa pro 30c cotton 
404634,FREE Hamax downtube mounted seat
404636,PRO Bike stand x2
404638,Phil wood/ astral solstice wheelset
404640,For Sale: Condor Acciaio 52cm ‚Äì Full Campagnolo Chorus 12-Speed / ENVE / Bora WTO 45
396750,2015 4 four arm Chorus compact groupset - well used 
404644,"Bagman, Ramparts, Spoons!"
404646,FS: CYC Photon Motor and battery
404650,"Fabric radius, m540 pedals"
403363,FS: Vittoria Terreno Dry 45cx700c 
404655,Soma Wolverine frame and fork- V.4.1 Type. Size 52
404657,FSA Gossamer 386Evo 2x11 Road Chainset - 50/34T - 172.5mm
404658,S Look 785 Huez RS. Climber‚Äôs dream
404659,"Free shoes. Sidi, Lake. "
404663,Dam Good Ouch-1 - tilting rack bracket for Omnium
404665,Neil Pryde Zephyr rolling chassis size L
404667,On one pompino
404668,Nitto Mod.177 Noodle 400mm
404669,650b front wheel 
404671,"Spesh Power Expert, Thomson Masterpiece etc"
404672,"FREE | Kryptonite Mini 7 u-lock, Decathlon wall mount, 2x BBB bike hook"
404673,"FS | FSA 1-1/8&#34; headset, Tektro RX5.0 carbon reverse brake levers, Sensus Lite grips"
404674,WTB Hope Evo2 12mm hub caps
401526,Roberts frame set 
404676,Endura GV500 Exoshell 40 packable hooded waterproof jacket
404677,"Kinesis carbon CX Frameset, full carbon (with issues) "
404681,Ritchey WCS 31.6mm seatpost with one-bolt clamp
404680,Bobhead hoody Jacket &amp; Campagnolo LS jeresy 
404686,For Sale: Argos of Bristol Road bike (50cm frame/XS) for someone 5&#39;0-5&#39;5.
404687, F.S Marin Kentfield 
404688,Cheap wheels 
404689,27 1 1/4 wheelset
404690,Roberts track bike (56cm)
404693,"Hope RX4+, SRAM Apex etap shifters, prime carbon finishing kit kit"
404694,For Sale : Trek Crockett 56cm Single Speed ¬£350
404697,Rene Herse Compass Naches Pass super light 26&#34; x 1.8 pair tyres
404698,Silver Miche Primato Chainset  52/36  24mm 167.5mm
404701,Pelago Rack 
404702,FS Brompton Roll Top bag/satchel with frame in waxed canvas and leather 
404704,Ti Audax/Winter Bike ¬£600
404705,Curve Belgie: Size 56 Ti frame / carbon forks
404706,"FS: Garmin Varia, Fizik Tempo R5"
404708,Campagnolo Athena Silver 11 speed rim brake complete groupset - 172.5 50/34 - 11/29.
404713,Delete.
404716,1998 GT STS1000 DS showroom condition ¬£1300
404718,WANTED: 48-50cm gravel/touring bike
403546,Canyon Ultimate CF SL Small ¬£550
404722,FS: 105 groupset with Fizik Cyrano bars
404723,"2022 Nicolai Argon GLF Pinion, Large, 160mm hardcore hardtail Geometron"
404725,cinelli mash work 
404724,MAAP LaB jersey. Albion jersey.
402546,Cannondale Supersix Evo &#39;22 51cm 
404729,FS: Harry O frameset‚Ä¶ 
404728,Voodoo Bizango 29er HT MTB - ¬£250
404726,"For sale: 54cm Cinelli MASH Cyanotype frame &amp; fork, never ridden, undrilled."
404730,Apollo Cafe Womens Hybrid Step Through Bike
404731,Wheels - H Son Plus/Mavic/650B
392808,"Grav/Road Sale. It&#39;s back! [Hope RX4 calipers (DOT/SRAM), Rival WIDE left crank...]"
404732,"Zipp bars with TRP RRL SR levers, Silca bar tape"
403150,CANNONDALE CAADX 58cm frameset 2019 ultegra 
404736,Topeak removable pannier rack and bag
404737,GoGcycle - Foldable Electric Bike
404741,PAC Messenger Bag brown 
404744,Free Cycle - 2 Raleigh Bikes
404745,Shimano RX8 EU45
404747,Fizik Antares R1 - Brand new. Regular width. ¬£85 posted
404749,"Nice stems 90, 110 ( x2 ) &amp; 120mm"
404750,"FS: Aksium rim wheelset, Dura Ace track wheel, heavy duty disk fork, tyres, free 24&#34; wheel"
404752,FS: Planet-X Pro Carbon Evo (L) - Full SRAM Force 12-speed AXS - DT Swiss CRC 1400 Carbon Wheels!!
404753,Rapha classic/core/flyweight jerseys (sml/med )
404754,Apidura Expedition Frame Pack 4L
404755,TRP Spyre Disc Brake Calipers / Stem (Deda superzero)
404757,700c 11sp disc wheelset
404758,MASON x HUNT 650B Adventure Sport Disc Wheelset
404759,THM Fibula Brakes‚Ä¶very good condition!
404763,"Clearout - tyres,saddles,pedals and Exposure"
404765,BMX  rationing
391343,"FS: GT Tempest 1997 inc. Stridsland, Kona II fork, Hope, Avid, Surly Sunrise, SRAM XO-9, Nitto, Pelago, Booze Light"
404767,Hewitt monster tourer
404771,WANTED - Touring Bike
404772,"FS: Used tyre sets - 29x50 Conti Urban Contact, 700x42 Conti Urban Contact, 700x35 Vittoria Voyager Hyper"
404773,WTD steel track frame 54-56cm
404775,3 Jerseys -NOS
404776,ALAN 54cm
404780,"Giant TCR Advanced Pro 0 M/L 56cm (Di2 R8070, Power Meter) - 2021"
404781,FS | Hiplok XL chain + Kryptonite Evolution Mini 7 d-lock
404782,"C15 carved ¬£40, original flavour"
404785,Volume thrasher v1 54cm with blb freestyle fork
404787,Free bar(s) 
404790,"FS:  Look 464 ALP track bike, 56cm"
404789,"FS:  Dolan Track Champion, 56cm"
404793,Salsa El Mariachi / On one Inbred / Fox / White Bros / Sonder forks 
404796,Bags - wizard works / Blackburn 
404797,FS SS Rapha Training Jersey (M)
404799,"Clearout -saddles, sram and campag"
404802,UDOG Pensioner shoes (46) in black and new Speedplay Easy Tension cleats
404805,For Sale : Sram Omnium Crankset / Miche Cogs / Chris King 1&#34; Headset
404807,2x Michelin Pro 4 endurance 25mm
404810,Miche SWR 50mm Tubular Wheelset with Veloflex tubs: ¬£120 posted
404811,Cotic Roadrat (short) - Small/XS
404813,"Mountain Equipment, Levi&#39;s, Berghaus, American Apparel and more. "
404816,Shimano 11 speed r7000 11-34 cassette (lockring but no spacer); sram 11s GX flat bar shifter
379612,62cm Gios Aerodynamic
404822,FS: Thomson Elite in-line 30.6 X 367mm
404825,WTB Raddler 700x40 pair
404827,Vintage Araya x Dura Ace racing wheels
404829,FS: Vintage steel track frame - 56cm
382817,Pinnacle Ash 20‚Äù kids bike (pink) - ¬£130 REDUCED
404833,Pashley Pathfinder 56cm 631/531 disc
404832,Fs: Mavic Ellipse wheelset
404835,"FS: Cinelli Jan Janssen stem, Sugino BB, Cinelli EXA Hex handlebar"
404837,Freecycle: Tokyo Fixed &lt;&lt;&lt;&lt; Dented
404839,Fizik Antares Vento Adaptive R3 saddle (145mm)
404840,Chorus 11 groupset
404842,"Velo orange rack, Oakley Frogskins "
404843,Free Cannondale M500 mtb
404845,Cannondale Hollowgram Si Sisl2 Sl 50/34 compact &#39;MK5&#39; chainrings and spider. NEW
404846,North London Dirt Ticket
403554,"Sram Force Calipers, 1x Derailleur and Cassette"
404849,FS: 34.9 Hope seatclamp black unused.
404851,54cm GT Strike Road frame/forks - retro 90‚Äôs vibes
404854,Mash SF Front Rack
404853,Park Tool 5.2 2-14nm torque wrench
404855,EXS R175 aero road bars 36 c-c brand new
404857,"FS: Hope 34.9 seat clamp, Deore Thumbies, 110mm Uno Alloy, Roam mount, Specialised Turbo 25c"
404858,Continental GP5000 700x28 (pair)
404859,"Free: ITM seatpost 27.0, 25mm layback, 265mm long"
402522,Wanted: Left crank arm. Square taper. 165mm. 
404862,FS | Airshot tubeless inflator - Tektro RX-6 mini v-brakes - 2x Panaracer GravelKing - 4x Pirelli inner tubes - BBB ParkingHook - Knog Oi bell
399670,"For Sale: 58cm Claud Butler Dalesman Touring bike, Reynolds 531st, Campag Record/Mirage"
404864,Cinelli Vigorelli
404863,Wanted - brompton frame - front section
299930,Mavic open pro sup with pmp hubs
404865,Fork Fest
404866,Genesis Equilibrium frame (with issues)
404867,S works recon gravel shoe
404869,Trek Madone 3.1 56cm in Oxfordshire
404871,Sidi shoes size 45 | spd-sl pedals | TRP Hy-Rd | FSA chainset
404875,Hutchinson Toureg 700x45 (pair)
404877,Rule 28 Aero Jersey - ¬£40
404878,Mac ride kids seat
395576,Bike tools 
404883,Mad Bars! (bikepacking/ mtb)
404884,"Gravel Wheels: WTB ST Light i23 TCS rims on Formula Hubs, Panaracer Gravel Kings"
404885,3 x Conti GP5000 25mm
404888,FS: Brian Rourke 
401849,"Broken frame, who wants the parts? Campag Atlanta wheelset, 9 speed groupset"
404892,Condor Strada inline seatpost (27.2mm/350mm) silver
402319,"Bits and bobs - answer atac quill, campag 10sp cassette, 1 inch condor aheadset, some freebies"
397285,MUSA mullet Gary Fisher Pizza Rack pub bicycle 55cm
402353,"For Sale: ¬£5 cheap and beater bits - stems, pedals, bars - and some nice Record Pista wheels with bonus Rat-track frame"
404894,"Bikepacking tent, mat, sleeping bag"
404895,"Specialized power saddle 155 ,Praxis works cranks  48-32 .Gravel WTB Ridder37c TCS tyres"
404896,"FS: Giant Omnium track bike bike, size L"
404897,Brompton M3L (2020) - Metallic Graphite
402708,FS: Chrome Warsaw 2.0
404903,Google Pixel 9 Pro 128gb - Mint Condition!
404904,BigXTop Rando Bag
404905,1 wk old blk Thomson layback post 27.2. Cannondale Hollowgram SL complete chainset.
404910,For sale - Wahoo Kickr
404912,Pair Ortlieb Gravel panniers &amp; Tortec ultralight rack
404913,26&#34; MTB disk wheel. Specialized Stout hub Mavic X223 rim
404916,Miura Carbon Wheelset / SRAM Force AXS D1 shifters / Carbon handlebar
384529,FS: Singular Osprey size Large - ¬£450
404923,"Cannondale Road Warrior bouncy gravel/&#34;allroad&#34; bike, 56cm"
404924,LFGSS Road Jersey Medium
404925,"Specialized Allez 58cm Frameset inc. BB, Stem, front derailleur &amp; Bars"
404930,Ritchey Classic Zero (inline) seatpost-27.2mm
404935,Shimano tiagra 2x10 hydraulic disc brake shifters
402849,"FS Small mixte nunhead se15, freecycle / charity donation"
400384,"Agu Short Sleeve Jersey, Marble Pink (medium) ¬£10"
396928,FS Birds of Colindale Ladies Mixte Step Through Bike 19&#34; 48cm with Mercian Built Wheels.  ¬£90
393122,On One inbred 26&#39;&#39; &amp; Moda frame - No forks
404940,"FS: Bits box clear out: wheels, handlebars, baskets.+ bits"
404941,DMR ODUB Bars 31.8mm x 50mm rise
404943,Garmin Inreach Mini
404946,"SP dynamo hub disc mount,on a 32h H+Son Archetype rim."
404949,Couple of Chrome Messenger bags
402197,"Fixed wheels, Handlebars (Velo, Nitto), Stems, Seatposts, cage/pedal etc etc"
404950,Bikepacking Bags - Everything you need for a week away - ¬£100
404952,Chorus 12v disc groupset
404951,Record 12 speed Groupset (Rim)
404954,Muddy fox courier comp 56/60cm frame 26er
392213,Raleigh Airlite100 Road Bike
391545,"Clipless Pedals ,ideal for the track"
404957,Restrap Rando Bag (Large)
404958,FS: 29er Boost Crankbrothers Synthesis Enduro Wheelset ¬£200
404961,FS: Dura Ace FC-9000 Chainset
401741,"Restrap horizontal pedal straps, SKS 700c mudguards, Inline 31.8mm seatpost "
404962,Sidi SPD 
401867,Random bottle cages and Panaracer Pasela Tyres 700x28
404963,Specialized Hardrock Sport F&amp;F - ¬£15
404965,FS: Sugino RD2 170 Black crank
404966,Gravel &#34;group set&#34;
404967,Hope Seatclamps x3
404968,Rock Lobster Team Tig 853
404969,CBT Italia Frame and Fork
403084,Giant SCR Flat bar rat bike. 
404972,Mercian complete bike for sale
404973,Free Turbo Trainer and tyre 
404974,"Croix de Fer 10, 2022 for sale"
404975,"2022 Brompton C Line Explore 6-spd Black Edition, Turkish Green, Mid Bar - ¬£950"
404978,FS: Cinelli Mash Work size XL (58)
404979,"Bikepacking gear and shoes ‚Äì Apidura, Carradice, Giro, Altura"
404980,Mercian -amended listing 
404981,Wanted: 1 inch carbon fork with mudguard eyes
404983,Last chance saloon - a small bits n bobs sale
404987,Problems solver shims 22.2mm to 31.8mm ¬£15 posted 
398657,Vintage Retro Blue Specialised Hardrock Mountain bike frameset frame Araya Shimano Project- ¬£10
396293,Basket! 
403646,Manvielle basket black 
404992,Royal Mail bike
398203,Chrome Industries Kursk AW 2.0 Pro Shoes size 7UK (fits like 8UK) BNIB
404996,Ortlieb velocity rucksack
404999,SRAM 10 Speed Disc mini groupset TRP Spyre
405005,Specialized pizza rack  ¬£40 posted
405004,MTB 9 Speed Shimano Mini Groupset / Transmission - ¬£20 posted
405003,Revelate handlebar harness - unused 
405007,For Sale - Serotta Tri-Colorado 55cm
405006,"Inner tubes brand new 700c, 26&#34;"
405014,Scott Speedster 40 rim brakes 
405016,"Rene Herse, Gravelking, Conti TT, Shimano Cassette, Easton 46T, D2Z, K-edge"
405018,Faggin track bike / Campag Record / Dura Ace / Thomson / Concor / Nitto / 
405020,Really good condition Shimano 105 5600 groupset
380011,freecycle 26&#39;&#39; tyres / shimano 7000 crankset 50-34 170mm 
405028,Drift Ghost X Handlebar Camera ¬£50
405031,"New Brompton Stuff: Colour Touch Points, Toolkit and Puncture Pouch"
402722,BNIB Clark‚Äôs Originals Wallabees x 2
405033,LFGSS Milltag Cycling Caps - Pink
398572,FS: Kona Honzo ESD XL Frame plus dropper. 
401746,final box clear out - LAST CHANCE SALOON
405038,FS Two Cheap Front Road Wheels Rim Brake Good Condition Campag Record Bontrager Tubeless
405040,FS: Pashley Mailstar / Elephant Bike / Pronto etc. (size large)
405041,Swap / 2018 Trek Slash 9.7 XL
405042,Marzocchi bomber mx comp 2006 120mm travel
393925,FS: Seven Axiom SL titanium frame for mid-reach brakes 51.5x51.4cm
405046,Dawes Kingpin
405052,Brompton C-Line 12spd Medium (BNIB)
405053,"FS: vintage fillet-brazed Geoffrey Butler track frameset, 23 1/2&#34;, ¬£120"
405055,Wahoo Bolt 3
405054,Garmin Rally Power pedals
405056,FS: Nitto B352 AA (albatross)
400378,FS: track/ fixed bits and pieces
405058,Swap; track cog
405059,FS: by.Schulz G2 suspension seatpost
405060,"FS: UNO 25.4 stem, Thomson faceplate, Blank 22.2 stem"
405061,FS: Pinarello Crono Scandium Pista frameset size 55 only 20 made!
405062,FS: Velocity B43 fixed wheels... blast from the past
405066,Shimano Ultegra FC-R8000 crank arms 175mm
405073,2 Dynamo Wheelsets
399531,Yeti SB115 C2 Mountain Bike Turquoise Medium NOS
405075,Fulcrum Racing Zero DB
405076,Arkane custom all road/alloy wheelset
405077,Free SS rear wheel - steel rim
405079,Free bike box and packaging N4
390761,Zipp SL Sprint stem 
405083,"FS: Magic Components Moth Bars, Manivelle Basket"
405084,Campagnolo Jersey bundle SS and X3 LS XXL 
405085,Precision 4iiii 3+ Powermeter - Shimano 105 R7000
405086,Prime 50mm carbon wheels. Rim brake.
405088,Planet X Pro Carbon - 57cm
405093,Fs: Prologo Zero II stn pro saddle
405094,Fs: USE Carbon alien seatpost
405095,free Triban 500 medium
405096,1&#34; threaded headset caged bearings - Free
405099,Ortlieb Ql1/ql2 Hook Inserts(OE166) 8mm - Free
405101,"Tubeless valves  - Muc-off, Hope, Reserve Filmore"
405103,condor tempo 55cm 
405104,"LvK Bikepack and Bikeparts Clearout: Snow Peak, Hope, SON, GRX etc"
405106,Nice bits
405107,For sale: Kink BMX custom kids bike - 12in wheels 
379551,For sale: Customised 12‚Äù kids BMX with Chris King
405111,Free: brand new Schwalbe Road Cruiser tyres 700x35c (pair) / Rigid / Tan wall
405110,Bafang 48v mid drive full complet kit + battery
405112,"Garage clear out. Basket, bags, bottle cages"
405117,FS: Vintage Sirius aluminum Track Frame 60cm XL
405119,Free bike giveaway
405120,Freecycle: Salclear TT / TT-X
405121,Mash SF slumworm Matt reyers size large. 
405122,Rotor Vegast Crank Set 
405126,For Sale: Woodrup Il Primo Steel Racing Bike
405127,Reilly Spectre XS titanium all road
405133,FS: Velo Orange Mojave nalgene/big bottle cage
405134,Carradice Super C Front Panniers
405136,FS: 56cm S-Works Tarmac SL2 (2005/06)
405139,Free cycle 700c btwin most of a bike 
405141,FS: Mavic Aksium QR disc wheelset 
405142,FS: 3T ARX team stem 120mm
405143,Quill stem and quill adapter
405145,For sale: New Shand Stoater Frame + Fork (Small)
405148,Chris King ISO / WTB ST I29 Wheelset (12x142mm + 15x100mm)
402640,"Summer clear out - Cantis, Ultegra cranks, 105 shifters, Mavic Cosmics etc etc."
405150,Parts o&#39; plenty
405156,Free Mavic Aksium wheel 
405159,Chris Marshall 54cm Columbus Dropped Seat Stays
405160,"Parts clear out, nice and cheap."
405163,Late 90s(?) Kona Explosif 18&#34; ¬£300
405165,"26&#34; QR front wheel, Hope Mavic. ¬£20"
405164,"BMC XRD-522 wheelset, XDR freehub"
403629,Pipedream ALICE - large frame set - light blue - cromo fork
383035,2x riser bars for beaters/commuters + Terravail Rampart 38
405168,For Sale - ZIPP Service Course SL 120mm
401403,Triple threat! Principia MSLE Pro 26&#34; MTB (medium I think)
405169,Raleigh 531 53cm? Full bike ¬£200
405173,Budget immersive chain waxing pot
405176,For sale: Dog trailer for cheap!
405179,For Sale - Fizik Vento Argo R3 saddle
405178,For Sale - Pair of Brand new Pirelli P-Zero Road 28mm
405180,"Carbon Disc Wheelset - White Industries CLD Hubs, Arkane Rims"
405181,Van Nicholas Ventus for sale (M)
405184,Montague Boston (pimped) size Large
405183,On One inbred monster crosser (Large)
405185,Pirelli P-Zero race TLR 30mm PAIR
397071,Campagnolo Chorus Ultra Torque 10 speed carbon chainset 53/39 + BB cups
401733,Trek FX2 Large hybrid
294757,FS: 2007 Cannondale System Six team Si Carbon/Raw Aluminium Frame and fork. Size 54
405197,Cad 2 frameset and Holand fixed gear
405196,Cannondale caad 2 and Holland fixed gear 
399029,Listed Elsewhere - Trek 800 MTB ParentBiek fodder
405201,11 speed Shimano cassette clear out 
405203,Genesis Vagabond XL 
405204,Free to collect - 90s MTB Bianchi Project NTH
405205,FS Bell Super DH MIPS helmet
405206,"Unused 27.5+ and 26 tyres, Cycloc solo rack, all freecycle"
405207,X Fusion Velvet RL2 29&#34; fork (non boost ta)
405209,2016 Cannondale Synapse 61 cm
405210,Footwear
405212,¬£180 Specialised Hard Rock 17‚Äù
405211,BSpecialised Hard Rock 17‚Äù
405213,damaged Zeus Pista Crankset 170mm 53T for parts ¬£5
405215,172.5 Shimano Double Crankset 11 Speed (52/36T) FC-RS510
405216,DMR V8 Pedals silver   - New ¬£20
405218,FS: Omnium Cargo Wifi Large Black
405217,Swift Industries Paloma Handlebar Bag
405220,"For Sale: Trek √âmonda ALR Road Bike  ‚Äì Size 58cm ‚Äì Upgraded Fizik Cockpit &amp; Saddle ‚Äì ¬£1,050 ONO"
405219,Brooks Swallow saddle
405222,Tune Speed needle ¬£100
402461,3x Michelin Power Mud TLR 33mm more like 2.5 one BNIB ¬£30 or swap for 35-40mm tubeless Gravel slicks (No Gravel Kings)
405226,Shimano ME700 pedals 
405228,Trimtals Bike Shed
405232,"Mash Steel SS (S, 53cm) in black rainbow"
405233,Joblot beater/old MTB parts for free/donation to forum
405234,Cargo Bike - Bullitt  Larry vs Harry 
405235,FS: SRAM Red Aerolink brake calipers (pair)
405237,RockShox Monarch RT3 DebonAir shock 
405239,"SRAM Force 22 BB30 crankset (172.5 mm, 50/34)"
405241,2016 cotic escapade small
405242,FS: Manivelle Porteur basket/rack
405245,Powertap P1 dual-sided power pedals (faulty)
405249,FS | Marin Bobcat Trail Edge E4 2011
405251,"FS: Orbit Tri 650 with Spinergy XAero wheels, rolling chassis"
397098,"Road/Track/Misc stuff - Deda Low Rider Bullhorns, Vision TT brakes, BBs and more"
405253,"Cargo fork, MKS, Shimano, Nitto, SRAM"
405254,Colnago Master AD4 54 cm sq 5.7k dream build few hundred dry km 100% mint ¬£2700
405255,Free Hamax Bike seat
405256,Dawes Double Edge 21‚Äù/17‚Äù Tandem - ¬£250
405258,Viner Special Corsa - Reynolds 531 Steel - 61 x 59cm - Vintage Road Racing Bicycle
405260,2 x Hope RS4 Centrelock wheelsets (and Pro4 freehub)
405259,FS Press fit BB and FREE/BEER Shimano DX pedals (one needs servicing)
405262,2x Pirelli Cinturato Velo 700x32mm
405264,Mtb freecycle: blue dmr v12 pedals with play but good bearings; ugly but OK tubeless maxxis ardent 29er tyre
405265,Surly Straggler 54
394328,FS: Surly Disc Trucker - almost new 
405267,"FS: Brompton bags, saddle, Uniqlo, shoes, Alpkit, other bits"
405269,For Sale - Zipp 404 Front Wheel Rim Brake Clincher - ¬£125
405272,FS: Riese &amp; Muller Load 60 Cargo Bike
405273,Dura Ace bar end shifters 
405275,***BLURPLE*** Omnium Cargo - LARGE Size - blingBling
405274,FS: Giant Defy 4 Small
405277,"Cannondale CAAD 12 frameset (rim brake) + Rotor 3D Chainset (165mm), C-Bear ceramic bb, XL 60cm"
405279,Wald 137 / Sugarloaf / Bentley Top Cap
405282,Kask Mojito 3 Helmet - XL
405283,For Sale - Rear Wheel SunXCD Hub built with DT Swiss 511 Rims Alu Brake Track/Tubless Compatible - ¬£50
405284,For Sale - Elite Quick-Motion Rollers - ¬£120
405285,Shimano ES600 pedals and SH51 cleats
405286,FREE: FFWD carbon rear wheel 700c. 
405288,Thomson post
405289,WANTED: Fairlight Secan 2.5 in 54t
405290,FS: Voile Rack Strap
405292,FS: Restrap Frame Strap
405291,"For Sale ; Campag Mirage Brakes , New Bottom Bracket &amp;Rear"
405295,WANTED: 55/56cm gravel bike w/ front and rear pannier attachment points
405296,Pas Normal Studios Escapism Bib Shorts - Black - Medium
405297,Trek Stache 29+ Medium. XT Thomson Rockshox DTSwiss ¬£600
396921,FS Dolan Pre Cursa 57cm Price Drop ¬£295
405301,"54cm Scott Addict RC Pro 2020 disc frameset, DT Swiss 50mm wheels, 11spd Ultegra Di2 shifters/brakes"
402919,MicroSHIFT SL-T10 Right Thumbshifter
405309,Ratty Centaur 10s shifters and SRAM brake levers
405311,"SLX 10spd mech, cheapish"
405313,20&#34; cargo bike wheel: Halo EX3 on Hope XC hub 
405312,Shimano MW80 Gore-tex SPD boots Size 48
405316,Swap: my Rapha Touring shorts (36) for your similar (34/33)
405317,Campag and FSA carbon cranks - free 
405319,"FS: Bridgestone NJS Frameset, BB and Headset - Size S/M "
405321,FS Rotor 3d Crank Hope n/w 1x chainring
405322,Mid 1990s Fausto Coppi by Masciaghi 57cm Columbus genius
405324,Frames and complete bikes - house buyout and move 
402610,SRAM s500 single speed / fixed gear brake levers
405330,Dura Ace 7800: Shifters ¬£80 Brake Callipers ¬£40 both ¬£110
405331,for sale: cannondale topstone 2 (2021) - alloy - medium - ¬£850
405333,Raceface NW chainring 42t
405335,2004 KONA EXPLOSIF 18inch / IRD 26&#34; SUS CORRECT FORKS / KINESIS CX CANTI FORK / SURLY PACK RAT CANTI FORK 650b
405334,jt clearout : simworks/ nitto/ velocity cliffhanger wheelset/ ird forks/surly pack rat fork/
405337,F.S...ENVE Foundation 65 wheels (onyx rear hub)
405338,FS: GramXpert wind pants (also suitable for rain). Large / Long. Brand New.
405339,Thousand Helmet - Small
405340,F. S... Shimano dura ace 9200 cassette 11/30
403523,2 x Continental Speedking Racesport 27.5x2.2 - new
405342,Campagnolo Chorus 11-Speed Groupset (no cassette) ¬£175 posted
405343,"Genesis Equilibrium rim brake. Small/54TT , full bike."
405345,FS: Frog 73 kids&#39; bike Tour de France Special Edition snazzy yellow ¬£125 collected
405346,Freecycle: Thomson X2 110mm CRACKED FACEPLATE
405347,"Rapha, Carradice, Brooks, Toppeak, stem, pedals, stuff..."
402835,giant arx 20&#34; kids bike
405350,Salsa Marrakesh Frameset - Medium
405352,Cool parts clearance
405354,OT: Arezzo Round Cloakroom toilet and lid
395325,EAI track cog/ 44T chainring/ GXP narrow wide oval ring/ Profile chain tensioner
405355,OT: Vitra S20 Under Counter Square Basin
405357,Prime Baroudeur V2 Disc Wheelset - New - ¬£120
405358,"FS: Bars Bars Bars! Deda, 3TTT, Carbon, Alloy"
405361,"Charles Tyrwhitt Derby toe cap brogue, size 9"
405363,Don‚Äôt call me Surly - Fake Surly Steamroller ‚Äì ¬£100
405364,FS Levi 511 jeans
405365,Salsa Vaya 54cm
405367,FS: Claud Butler Black Diamond Touring Bike size small
405368,"Salsa, Zipp and Easton drop bars"
405370,FS: BRIXTON CC jersey
405372,"For Sale: Trek √âmonda ALR Road Bike ‚Äì Size 58cm ‚Äì Upgraded Fizik Cockpit &amp; Saddle ‚Äì ¬£1,050 ONO"
405373,"For sale: Tektro levers, Shimano, Rideworks, Topeak "
401739,FOR SALE: Bob Jackson 19.5&#34; frame with Campagnolo groupset
405378,FS - SCHMOLKE x Mack Superlight
398826,"BikeYoke Divine 31.6 160mm dropper post / 45 &amp; 60mm 31.8 stems - Now added 185mm dropper and fancy seat clamps, saddles and SPD pedals "
405381,X2 Vittoria Rubino Pro 28c
405387,FS - BMC TRC01 55cm Frameset
405388,Unused SRAM Rival1 groupset
400886,"CLEAROUT: Chris KING, NITTO SIMWORKS, CHALLENGE STRADA BIANCA, PRO CORSA"
405389,Proviz reflective commuter bike jacket size L
401427,"Bits n bobs - fixed cogs, C17 all weather, 3T ARX LTD"
405395,Specialized Tarmac SL6 Expert Disc (54cm)
400992,"12 speed Ultegra components, GRX chainring and chainset."
398927,Frame clearout: Pretorius Outeniqua and Pretorius Bosvelder.
405397,FS - Grand Bois Cerf Vert Extra Leger 28mm Tyres
405398,Carradice bike bureau pannier bag (left side) ¬£50 posted
387644,FS LFGSS / Milltag LS Skinsuit Size S with Nopinz Pocket
405401,Peter Hare / TJ Quick Track frame
405402,"Wheels, tyres, stems, hubs, spokes, pumps etc. clear out - decent stuff, a lot cheap some free!"
405400,Oliver Spencer coat
405403,Tune Geiles Teil 4.0  / 31.8 / 120mm
405404,2 vintage framesets for sale Holdsworth &amp; Armstrong 
405406,Token Roubx Carbon Gravel Wheelset - 1.5Kg and strong enough for XC
405408,FS - 52cm Trek Crockett Disc Brake Cyclocross/Gravel Frame/Forks/Seatpost/BB/Headset
405409,FS - 52cm Trek Crockett Gravel/CX frame with Seatpost BB Headset. 
405410,WTD: Shimano Brifter clamp band things
405411,"Cycling Footwear Sidi, Rapha &amp; Mavic"
392020,NOS Santa Cruz Stigmata
405415,FREECYCLE: 26er steel frameset
405418,"For sale Diamant Columbus TSX , Excellent condition , 1st generation Campagnolo  chorus 425 pounds , can post "
395132,Specialized Tarmac SL6 2020 
405420,700c freewheel rim brake wheelset - FREE
405425,Engine11 Vortex 51cm full Track bike with Bolt holes for brakes. 
405424,"FS: Vuelta Air Line + Exage 7 speed wheelset, Shimano Mega 9 44T chainring"
405431,"FS - Cages, flat bars, Fizik saddle, jacket"
405432,"Benotto 800 early 80s ‚Äì chrome stays/fork, 25.8mm seatpost, Benotto dropouts - Offers?"
403121,Mk1 Singular Swift XL yellow non EBB
403383,Orbit shrek-green touring frameset (53cm)
405434,Affinity Hunter Green kissena (medium)  for sale 
405435,FS: Crust Evasion Lite 54cm Medium Frame Custom Brown Paint
405437,Claris R2000 8 speed
405439,BMC SLX01 54cm - price?
405441,¬£5 Steel sit-up-and-beg bars and stem combo
405442,[FS] NJS Panasonic frameset
405444,[FS] NJS Panasonic frameset
405445,Sky blue saracen MTB for sale - ¬£100 Crystal Palace collection
405446,"Sonder Santiago Large Reynolds steel frame,  forks, breaks and 650b wheels"
405447,GoCycle G4i
405448,Dolan track-ish run around small size complete
405450,Luna Mono with Vibram Sandals UK10 (stamped M11)
405452,Nitto M186 STI handlebars
405453,Shimano Zee RD-M640 10 Speed Derailleur + shifter 
395010, 2021 Giant TCR Advanced Pro Disc Road Frameset + extras Size Large 
405457,NOS rims to give away
405456,Nukeproof stem + raceface bars
405455,Thomson Elite X4 60mm x 31.8mm 0‚Å∞
403628,Bike bits.
405459,"Small Cube Litening SCRHPC Super frame , Easton EC90SL fork &amp; bits"
405461,Big ol job lot 
405462,Merlin malt g2x 
405463,Moto bars /  stridsland shim
405464,Cannondale Supersix 
405466,Hope headset 1 1/8 black
405465,Specialized Crux (Audax Bike)
405467,Spa Cycles Tourer
405470,"Bottles caged, seat, chainset, brakes and mech"
405472,Omnium Mini Max WiFi
383855," microSHIFT ADVENT X Rear Derailleur, 10 Speed, 11-48T, RD-M6205AM"
405475,fs: x2 Vittoria Open Pave 25mm 700c clinchers VVGC
405476,Box of free stuff
402171,PAC Designs Ultimate messenger bag - SOLD
405478,For Sale: Cube Attain SL Road Bike with 105 groupset - Size 58cm - in Red/Black - ¬£850
405481,"FS: Clearout (inc. Pirelli, Teravail, Cambium C19, Rene Herse)"
405482,Shimano Dura Ace 9100 rear derailleur
405487,Sram NX cranks 170mm + chainring
405488,Pirelli Cinturato Gravel M black (700x40c)
405492,2 Pairs of Pirelli P Zero Race TLR Tyres 
399892,"Two BBs (ISO 109 mm, JIS 110 mm) plus tool"
386215,BLB King hubs/Velocity A23 rims Track/Fixed Gear Wheelset 
405497,Shimano Ultegra 6800 crankset - 170mm 53/39
405499,Goodyear Connector Ultimate x 2 ( 700 x 50mm )
405500,DT Swiss E1850 Spline 23 Disc Wheelset 
405501,Wanted: Ribble CGR 725 or similar - small
405503,Brompton S6L Raw Lacquer 
391366,"Ongoing clearout - 4600 minigroupset, 1x GP4S 28mm"
405509,Oak Cycles frameset / The Time Machine
402961,Castelli XL bibs (new) / Topeak Dual touch bike stand
405513,"FS for patient buyer 105 11 speed groupset, low miles"
405514,Cumulus Panyam 450 down sleeping bag
405515,Elite Turbo muin Smart B+ Turbo trainer
405517,Impending fatherhood sale #1 - Shimano 12 speed and Campagnolo EPS 11 speed
405518,Motobecane Grand Record 57cm White - Shimano 600 - Excellent - ¬£250
402821,Handmade cycling caps / casquettes
405519,3 speed Brompton - black - Dynamo - ¬£500
405530,"T Rack, seat post clamp, bottle cages etc!"
405529,Beater Rotor 3D Cranks / Sonder Confucius / MTB flat bar
405531,FS: Pair Continental Contact Urban Tyres 700x42
405536,"Parts Bin Clearout - Various Bars, Deda stem &amp; ahead adaptor"
405537,CAAD10 Disc/Felt 85X F&amp;F/Kona Blast/Apollo kids bike
405539,"Seat post 26mm x 400mm and Drop Handlebars 410mm wide, ¬£10 each"
405540,"Salsa Cowchippers various sizes, Brooks c17, panaracer gravelking"
405541,OPAL One Pod coffee Machine
405544,FS: 2x The Vandal Metalworks customised frames. SBC Klunk + Orange P7
405545,"Aiguille Alpine frame wedge, red, new and unused"
405548,Colossi Al Colossione Track 53cm
405552,2 x Dunwich Dynamo coach tickets ¬£100
405554,Wheels Manufacturing front thru axle 12mm 125mm 1.5
405555,Schwalbe Marathon Plus 26 x 2.0 (almost new)
405556,WTB Venture 650b x 47mm
405557,Shimano/ Scribe Gravel wheelset. With rotors and tyres. ¬£100
405558,Shimano/ Scribe Gravel wheelset 700x47c with rotors and tyres. ¬£100
405559,Nitto Technomic (150) 9cm/26mm clamp
399449,"Shimano 105 R7170 Di2 12 speed Disc Groupset Complete with rotors, cassette etc"
405561,"Profile Design riser kit, Profile Design UCM Aerobridge, Shimano chaingrings, Quadlock"
405560,Ultegra 11 speed hydraulic 
405563,Ridley Phaeton T frameset (XL) ¬£50
405562,Nitto Technomic 150mm/26mm/90mm quill stem in silver 
405564,Schwalbe G-One speed RG - 29 x 2.35 
405565,For Sale - Zipp SL-70 Ergo 400mm
405566,Surly Lowside Frame set - XL 
405570,Smith Shift MAG Sunnies ¬£90?
405572,"Rim brake wheelsets - Zipp 303 FC, Mavic Ksyrium SL; Cassettes - collection only"
400523,CBW clothes and trainers thread
402405,"For Sale: Cannondale Saeco Caad 7 optimo, 60cm"
405576,Favero Assioma Duo power meter pedals - Look Keo
405577,Peugeot Aubisque 58-60cm 12spd
405578,FS: Temple Cycles Step Through Lightweight Frameset Small 45cm - NEW
395651,Kuwahara Mondia Cascade-  26&#34; - ¬£250
405579,FS: Temple Cycles Step Through Lightweight Frameset Small 45cm - NEW
405581,HUNT 34 Aero Wide Disc wheel set - NEW - ¬£300
405582,Trek Domane al 3 in siza 56
405583,Need anything for the Dynamo?
405584,FS: 700c clinchers ‚Äì x4 Veloflex Master 23mm/x3 Vittoria Open Pave 25mm
405585,Chainring swap Ultegra R8000
405586,"MTB bits - SRAM GX Eagle 12spd mechs and shifter, Rockshox Super Deluxe coil shock"
405589,Rapha powerweave pro team shoes 45 white
405591,Spa Cycles Esk saddle
405593,Gazelle Orange C7 E-bike - active line - 400Wh
405595,Dura Ace FD9000 front meck
399540,56cm Specialized Allez bike (around 2010ish) full tiagra groupset
405598,"SPDP Shoes, Brompton Handlebar, Shimano RSX Brifters"
405600,Giant TCX SLR 2 frame &amp; choice of forks - medium - cheap
405604,kinesis fend off silver 40mm
405606,Freecycle -- Cannondale 42cm alloy gravel bars
405607,Giant Contend AR1
405613,Brompton M1 + T bag
405614,"Temple cycles classic lightweight frameset Seconds large 59cm Reynolds 520 blue + velo orange ,nitto "
405617,Roval slx 24 front wheel
405618,Wheelset Felt 10speed 11-25 Shimano on Mavic CXP ¬£60
405620,Cyclocross frame (size small) : quarq dub powermeter : mini groupset 105 (flat bar 1 x 11) : wireless keyboard
405621,"Summer sale! Tufo Thundero, Smud, SRAM groupset and more..."
405623,FS | DT Swiss RC 55 Track wheelset
405624,Ephgrave Track Frame 57.5cm mid 50s 
397744,Miche Wheel Skewers (black) immaculate 
405626,56cm Dancelli with Croce d&#39;Aune groupset inc. Delta brakes
405628,700C Tandem Rear Wheel 40H Deore XT Hub 140mm
405629,Park Tool CC-3.2 Chain Checker
405630,Madison Roam Explorer Saddle Width 145mm
405631,Vintage NOS Clark&#39;s Easy Glide Pink Derailleur Gear Coated Wire Cable
405640,700c 29er Disc Wheelset ¬£50
405642,700c Disc Wheelset ¬£50
405643,"Shimano HC-100, Mavic OPEN Pro REAR"
405644,Omnium Cargo WiFi v2 Bike Afternoon Blue Small
405645,Trek Superfly 7 29er hardtail
405646,Selle Italia Max Flite
405650,White Deda RHM bars and stem
405651,55cm Condor Super Acciaio - Rapha Condor Edition
403342,"JKF, vintage French steel, 56x57, Chorus 10spd"
405654,29er carbon forks. 
405653,Stanton Sherpa - XL - 21inch
405655,FS: Wabi Thunder size 58 / L 
405656,FS: All-City Nature Cross SS (Geared) - 52cm (55cm TT) complete bike.
405657,Ratty Campagnolo 10S Daytona &amp; Centaur
405659,EMONDA SLR 54 cm Frameset only
405661,Free: Sonder disc rims. 24/28h 700c 21i
405664,Wanted: Gravel Bike 57cm+
405666,Various low rise mtb bars - 31.8mm
405668,FS x tools metal bike display stand ¬£10 SE15
405669,Sugino OX 601D Crank Arms - 175mm
405672,Topeak Torque Tools
405674,[FS] NJS 7710 x TB14
405675,Campagnolo BR-PEO500 pads
405676,Blackburn Outpost Frame Bag - Medium
405677,Cyclus headset press 1‚Äù &amp; 1 1/8‚Äù
405679,Brooks Colt in brown
405686,Upgraded Pashley Royal Mail Millennium postie bike ‚Äì¬£150
405688,Surly 24 pack rack
405687,Old Campagnolo Bar End Shifter
405691,look al p -464
405693,WANTED: Wheel Box
405696,Titanium 
405697,Cyclo heavy duty cable cutters
405699,FS: Ridley X-Fire carbon cross bike - size 48cm
405701,‚ÄòCarbon‚Äô stems
405704,Few free bits
401825,Cannondale CAADX - CX/gravel bike - 54cm - teal
405710,"Shoes, bib tights, saddles, cranksets"
405711,Brompton Superlight Carbon Saddle and SL Pentaclip
405716,Elite carbon seat post 31.6mm
405717,Geoff Bars ¬£15.00
405723,Some Bike bags
405726,Rapha Manchester jersey in L - ¬£40
405725,"Parts Sale - Zipp bars and stem, Fizik saddle, Elite cages etc."
405728,"NEW WTB Riddler 700x37c Tan Walls, 2 pairs available "
405727,For Sale - Kask Valegro in white (Medium 52-58cm)
405730,"Moulton AM-2 upgraded to AM-22 frame spec, flat-bar build with 1x11 transmission."
405732,"Claud Butler 531 town/commuter/pub build, large (60x58cm)"
405734,Gillott 1947 Taper Tube track/path frame &amp; fork or complete bike
405735,Brompton Superlight Carbon Saddle and SL Pentaclip
405738,Merlin Malt G2X GRX 1x11 Medium ¬£700
394897,"Maybe a a Basso, 653 fixed conversion beater."
225477,For Sale: British made backpacks and daysacks
405739,Freecycle (crack in frame): merlin malt g1x size 56 frame. With spare mech hanger
405743,Cannondale custom build super six evo for sale 
405745,"700c tyres, 27.5 rear wheel, Avid elixir brakes, carbon bars and ATAC pedals"
405746,Medium Voodoo Limba and Medium Genesis Flyer
405747,Freddie Grubb Walbrook 3 Speed City Bike In Ink Blue. 60 Cm Frame
11128,Babyldn Bike Jumble 27 July 2025 // SE5 0XH
405750,FOR SALE: LFGSS skinsuit
405752,"Enve cross fork with 230mm of steerer (disc brake, thru axle). ¬£110?"
405759,FS or Swap - Specialized Como SL 5.0 2023 - Electric Hybrid Bike - Large - ¬£3000 or swap for Omnium Cargo - Large
405758,New/Unused Shimano EW-SD300 Di2 Cables - Various Sizes
405757,Cycliq FLY12 Sport And Cycliq Fly6 Gen 3 Front And Rear Lights &amp; Camera + Extras - ¬£300
405761,Muc Off Tubeless Valves V1 - Black - New/Unused
405760,Saracen black retro MTB quill stem 120mm reach 22.2mm 25.4mm clamp with cable stop and wheel for canti/centre pull brakes
405763,SRAM Red AXS D1 Mini Group
405762,PedalEd Packable Jacket ¬£40 [Size M]
405764,Wildcat Ocelot-R Frame Bag Large - Used Once
405765,"Swrve shorts, Thomson stems and seatpost, Paul lever, custom basket bag and more"
405769,¬£80 S Albion ultralight insulated jacket
405772,Wildcat Double Ended Drybag 8L - New
405770,Straight Cut Custom Bagel Bar Bag - Excellent Condition
405773,Wildcat Tiger Drover Saddle Harness - New
405774,drj0n DeWidget Strapdeck Handlebar Dry Bag Holder - New
405775,[For Trade] NAGASAWA NJS F&amp;F
405776,FS Track Wheelset Miche Primato Hubs Mavic Rims
405778,Cannondale super six evo for sale 
405779,"Hope/SON wheelset plus Thomson, Fizik bits.."
405783,Swrve and Levi shorts/jeans 
405785,1980s 60cm Sergio Zanardo (Lugged handmade)
405786,Albion XXL Zoa Men&#39;s Insulated Cycling
405787,Fuji Cross 1.1 58cm CX / Gravel / All Road 
405788,White Industries CLD Freehub Body - Campagnolo - Titanium
405789,Castelli Rosso Corsa Bib Tights - Small (fit like XS)
405790,"FS: uDog Tensione Shoes, size 44 (fits for length like a 10), ¬£30"
403386,Surly Steamroller 56cm
402137,Woodman / Wolftooth / Salsa / TRP Revox / Praxis / SRAM / Ritchey etc.
405792,Vulpine x Oliver Spencer cycle jacket 
405796,Moser Ax 58cm for sale. Full build.
405799,Diamant 55cm Campagnolo wishbone frame with a couple of issues. 
405798,"Rim brake hubs, 2x Hope and a Halo"
405797,Sykes wooden mudguards 700c
405800,Freecycle: a pile of inner tubes
405801,"Cheap 700c tyres, commuting, race and gravel."
405802,SP Dynamo front wheel 700 CL TA ¬£70
405804,SRAM Rival XPLR eTap AXS D1 12-Speed Rear Derailleur - BNIB
389763,FS: Specialized Chisel 2021 (Small)
405805,Magicshine Light Bundle ¬£60
405807,Paramo waterproof jacket (medium)
405808,Saracen Conquest ATB FBNPNA 
405812,FS - 1983 Raleigh Record Ace 62cm 531c
405814,Raleigh 531 club - 11spd  shimano 105 - 57cm 
405813,on one Inbred f+f  plus wheels and parts
405822,Pro PLT 130mm stem and 42cm Ergo bars ( AKA - Profit from my indecision )
405823,Rene Herse Hatcher Pass 700x48 Tyres
405824,Kinesis Aithein rim brake 57cm\L  Campag 11+ Son Dynamo ¬£500 ono
11133,LONDON BIKE JUMBLE 27th OF JULY 
405826,Prime Thru Axle end caps (Free)
405828,Cervelo R5 2022 - 54cm / Darimo / Polymer Workshop etc
405829,Cube 29er
405830,Rapha bibs and decathlon bib shorts 
405832,FS: 29‚Äù Boost Dynamo Wheel
405833,Freecycle: New Endura Xtract Lite Mitt XS
405835,"Selling my beloved woman&#39;s single speed bike. 54-55&#34; bike, custom built. ¬£200 - open to offers"
405844,Vitus Smoothy 12&#34; balance bike - ¬£50
402813,"Wolber 650c clincher rims, deda piega 26.0, ITM ahead for 26.0"
405848,MTB Cycletech Andale 26
405851,Planet X pro carbon
405852,105 11speed groupset 
405853,"Morvelo 4T+ Jacket, Santic Cycling Pants "
405856,Shimano 105 rim brake groupset. 
405857,FS: Concorde Giro frameset 53/54cm Columbus Brain 
405859,FS: Arkane x Hope RS4 rim brake wheelset
405860,FIVEGOLD frame protector 
405861,FS: cheap Shimano 6800 groupset with R8000 calipers. (Faulty lever).
405862,FS: 10 speed Campagnolo Veloce and Centaur parts / groupsets 
405863,Brompton C line explore sunset orange 
405864,Bars. 
405865,Thule Yepp 2 Maxi - Rack-Mounted Kids Bike Seat (Northampton area)
405867,"Thomson x2 120mm and Thomson carbon drops 420mm, black"
405868,Condor Tempo Classico 55cm F+F ¬£250
405869,FREE Lizard skins black bar tape
405871,Columbia Thunderbolt 1960&#39;s Project? forum donation
405874,Free
405881,ENVE SES Aero Compact Handlebars 35cm (40cm in drops) boxed like new
405883,Freecycle box of cheap handlebars / seat posts / bits
405882,26mm  bars and stems
405884,Mercian ‚Äòtown‚Äô tourer 55cm IGH hub-gear
400809,"Alfine 8 hub, Juin tech, others to come."
405891,Specialized Langster 54cm
405892,"Clearout of small parts Thomsons, Flites, Salsa, TRPCX9s stems galore, hoverfly bars, seat collars, Ultegra cranks, Tiagra shifters etc"
405894,Wald 137 basket on RFR cantilever mounted front rack - black
405893,FS: Garmin Edge Explore 2
405895,56cm Cinelli Tutto Plus - Custom Build
405898,"Lots of parts (Groupset, wheels, cassettes, stems, saddles, Campagnolo etc)"
405899,Brompton G-Line as new 
405903,Fs: Stanton Sherpa 853 / Gen 2 / Large 
405907,"49cm Colnago New Mexico . Super Record. Turbo , Cinelli!"
405910,GP5000 STR 28c x 2 ¬£40
405911,Pelago Rasket (front rack / basket) - ¬£60
405914,FS: Mash Sf Ac-4 size XXL 
405915,Topeak Explorer 29 rear rack
405919,Bianchi Reparto Corsa Dura Ace 10 Speed Size 50/52 1993
405921,"FS: Few bits - SRAM levers, Headsets, TEKTRO Brakes and more... "
405923,Falcon 531 Touring Bikes pair - free West Sussex 
393499,Elite Suito w/ noise issue (free) - TAKEN
405924,Cinelli Spinaci Bars (Black) ¬£15 posted
405926,F. S. Scicon Aerocomfort 2.0 road bike bag
405929,Bike Box Alan - ¬£250
405930,Bob Jackson Vigorelli Reynolds 631 ‚Äì Classic Steel Fixed Gear ‚Äì ¬£450 (Moving to France)
405931,Nigel Dean Road Bike 52x54cm ¬£200
394636,FS - Cannondale carbon bars 44cm
399381,Certini fixie with FREE bonus carbon forks
405934,2017 Fox Performance Elite 34 Float 29 120
405935,Syncros XR2.0 29Wheelset
405940,"Clear out - bars, saddles, wheels.. "
405941,Genesis Croix de Fer steel forks
405942,Kona Muni Mula 16‚Äù bike ¬£40
405946,For Sale: KHS Aerotrack complete bike
405945,FS Brompton S2L ¬£550
405947,SS/ Fixed rear wheel
405948,60cm Colnago Super
405951, Pro Stealth Superlight Carbon Road Bike Race Saddle 142mm
405952,"Clothing Clearout (Rapha, Barbour, puffer)"
405953,Thorn XTC ¬£300
405954,Campagnolo Pista Wheelset - Tubular 
405956,Nitto RB201 Bars / Cinelli Stem combo
405960,Montbell fleece and Dickies Carpenter pants 
405962,Tubus Tara stainless rack/Rim brake wheels Hope Pro 3 hubs x Exal LX17 rims
405963,"Moving clearout (Sram Red brakes, few stems, random bits, some free bits)"
405966,Bob Jackson Vigorelli - 54cm orange - ¬£400 - Norwich
405967,Pair Vittoria Terreno Dry 700x38c (not tubeless ready)
405973,Bakfiets Bertus cargo bike with Pendix motor and 500Wh battery ¬£1200
405974, State Bicycle Co. Contender II Silver/Black Singlespeed/Fixed 55cm
397162,Magura Louise FR brakes
405975,Goku single speed 54/m
405976,"Clear out- SRAM, lake, cassettes, and more "
345050,Tufo Heron 29 - Carbon CX/MTB DT Swiss 240 wheelset
405978,Stridsland Anchor Bar and Jones Loop Bar
405979,Velo Orange Utility Flat Bar with matching Utility Rack BLACK
405980,Moser AluGara roadbike/commuter/hack - &#39;medium-ish&#39;
405982,"Tyre clear out: GP5000, Vittoria Terreno, Schwalbe etc "
405983,Moser Leader Ti-Pro Evolution frame and fork (small-ish).
405984,18&#39;&#39; Specialized Stumpjumper Team Klunker
406020,Thomson Carbon Drop Handlebars
392342,Dolan Pre Cursa 60cm
397336,FS Thule Yepp Maxi Easyfit - ideal for Tern GSD (otherwise needs an adaptor I think) - ¬£45
406030,Rapha Brevet Jersey
406032,"FS: Brooks, S Works stem, Nitro rack, 105"
402732,"ASTTers Nice Mechanical &amp; Rim Brake Stuff Clearout - Zipp, Giant, Ultegra, KMC"
389240,Sram  rival+apex l mechanical levers 
406034,"For Sale: Specialized Romin saddle, 155mm, vgc, ¬£40 posted."
406035,Sidi ergo 3 carbon road shoes size 47 
406036,FS: Surly Karate Monkey (Large) &amp; Fox 34 Rhythm Forks
406041,Pirelli P-zero Race Tlr Yellow - 28mm new
406042,"FULL-SPEC BIKEPACKING BIKE WITH BAGS INCLUDED: Specialized Sequoia Elite (2018) (M, 54cm, Steel Frame) ¬£1,000-1,500"
398940,Women&#39;s  road bike FELT ZW frameset for free
406046,Shimano Ultegra 6800 172.5mm cranksets
406047,"4 sellz: dirt cheap miniscule Condor roadie in the sticks, Bristol delivery plausible "
403414,Dynamo wheel - son 28 hub/light bicycle carbon rims
406048,Fizik &amp; cannondale saddles / Vittoria corsa tyres
394928,Hope RS4 32 spoke centrelock front wheel - FREE!
406049,FS: NICE kit - Albion/CafeDuCycliste/Ostroy/TSH/Rapha etc
406050,"Rapha Kit (Brevet LS/SS, classic bibs, free bibs) medium"
406051,Downhill MTB helmets. Bell super 3r and Bell super 2r
406052,Condor Super Acciaio 52(53.5TT) F+F or full bike ¬£500/1000
400586,Thorn 853 cantilever brake 700c gunmetal grey forks 
406053,Portland Design Works metal fenders 45mm
406056,Ratty Raleigh   ¬£80   approx 55cm
406057,Columbus Cento silver ring
400275,Surly Long Haul Trucker - 52cm
406063,Bob Jackson 631 step-thru frame WITH ISSUES but FREE
406071,"Rapha Classic merino blend jerseys, large, black x 2"
406074,For sale: Clandestine Road Frameset
406075,For Sale - Scribe 365 Rim Brake Wheelset ¬£80
406076,For Sale - Zipp SL-70 400m handlebars and stem
406077,Surly Pugsley
406080,Sram RIVAL AXS XPLR rear Mech  
406081,Specialized Allez size 54 upgraded 
406082,FS : Pashley Parabike ¬£50
406084,Tranz X Security QR skewers (front + back + key) + Passport Standard Saddle Clamp + some bits
406085,18&#34; Specialized Rockhopper Workhorse 
406086,Cougar 55cm frame 
406089,"Like New Clearout Part 1 (Chris King wheels, XX1 AXS, XX1 cassettes, Cane Creek EE Wings, XTR pedals, Gravel King Tyres)"
406091,H+Son Archetype rims on pink SS/fixed hubs
406093,"F/S: Bag Clearout - Chrome, Mission Workshop, Alture"
401023,Middleburn X-type duo spider &amp; new 38 &amp; 24 chainrings 
401011,TA Alize 130 BCD inner chainrings 38 &amp; 40T
406097,Colnago C50 Extreme C
406103,Specialized Pizza Rack - ¬£45 
406107,2pcs Pro Bike Tool Swivel Bike Hanger | Wall Mount for Bicycles | Home Garage - ¬£15 
406112,"For Sale: Velo Orange Zeppelin mudguards, 700 x 52mm, black, new/unused."
406113,"For Sale: Salsa Cowchipper Classic, 46cm"
406115,"Clearout Part 2 (Sarto cockpit, Renthal, Fizik, SRAM, Look, Wheels Manufacturing)"
406117,Vittoria latex inner tubes (700c) x2
406121,"Felt F75X cyclocross bike, size 56cm, ¬£250"
406123,Titanium Raleigh Diablo STX Gravel Bike
406124,Looking for Fairlight Secan frameset 56/58/61
406126,Leader 725 For Sale
396456,FS: Trek T1 track bike XS; Dave Marsh track frame; D.Salmon road frame; Burls Ti road frame 
406128,Panaracer | Hutchinson| Tektro | Deda | Saddles | Solovair 
406131,GRX 10 Speed stuff
406134,"A few bits: long drop calipers, CKing headset, Road Drivetrain, thomson x2 and carbon bars, Scoop"
401839,FS - Look AC 364 - Track Bike - Large - Pre Heritage Limited Edition  
400173,"PRICE DROP - Storck Visioner Aluminium Frameset, Shimano 105 R7000 165mm Groupset"
406144,FS: POC Procen Air Uranium Black Matt Size: M/54-59cm
406152, Cervelo tri bike Px3
406153,Cervelo P2 carbon
406154,For Sale - Fizik Volta R1 saddle black
406159,Specialized Epic - Roval Control Finishing Kit - 1200g DT240 EXP Wheelset
406160,Varun&#39;s big little clearout sale
406164,2x 3D printed saddles (narrow and standard width) 
406165,Yeti ARC - Like new boutique build
406169,"80s Steel frameset, JKF, 56cmx57cm, fades etc"
398724,Easton EC70 Carbon drops Handlebar 44cm wide
398608,"Seatposts Enve , Zipp SL Carbon, Easton Carbon. Thomson &amp; Fizik alloy. "
406173,Pinarello Opera 54/M ¬£400
406174,"A head stems, extender &amp; quill adapter "
406176,Campagnolo 4 arm rings 53 39
406183,Nitto M137SSB Gravel Bar + 105 R7000 Shifters
406182,Carnac SPD shoes (blue) 46
406186,"27.5 wheels. Halo Rims on Hope Hubs, + 2 sets of Tyres"
403717,FS: Pinarello Cross *mint* size 54 ¬£350
406187,FS: Shimano 105 R7100 50-34 172.5mm Crank set 
406191,Terravail Telegraph 28mm tubeless tyre - only 50 miles on it
406192,Campagnolo Chorus 10 speed groupset (with wheels)
406193,Look Mi80r 20inch
406194,H PLUS SON SL42 Rear
406195,"FS: PAC Designs Ultimate - Professional Series Bike Messenger Courier Bag - Well-used, cheap"
406196,Genesis Croix de Fer Decade Edition F&amp;F 56cm
406197,FS Trakke BellroyxMapp Rapha
406200,CAAD12 54cm - ¬£250
406204,"Box of bits (SRAM, Deda, Planet X, Shimano)"
398533,"Price Drop - Complete Fixed Gear bike, Custom Built Frame &amp; Paint from Fitzrovia Cycles "
406206,Fs: Bianchi Cuss Retro Single Speed Mtb 
406208,"Panaracer Gravel King‚Äôs, Brooks C15 Cambium cut out"
406207,Wtd: 80mm 0deg stem
406210,Rene Herse Tyres 35mm Bon Jon Pass
406211,FS - Boardman CX bike - sora groupset / 54cm - ¬£325 ono
406213,Kona Explosif with p2 forks frameset ¬£150 (and some wheels)
406215,Raleigh Maverick frame
406216,"Deda Zero100 seatpost and stem, DA 7700 mech"
394332,FS: NS BIKES Rag+ frameset large SE5
406218,SRAM RIVAL AXS cassette XG-1250 10-30t 12s
406220,Quoc Pham touring shoes in brown leather size 44
406222,Roberts Fixed Road c.56cm complete 
406224,Dickies and Hikerdelic trousers 
406226,"Pearson Touche, 56, Brooks, new Gatorskins "
406227,ROBIN MATHER x Rapha Continental fast tourer/Audax/all-road bike
406228,For Sale - Prime Doyenne Carbon Disc Wheelset
406230,Neo retro allroad wheelset alloy
406231,"EEI Scoble Place Print, Audax England XL LS top, 2 prints  "
406240,FS: GT Palomar 18&#34; (2000) - ¬£50 ONO
406239,"Bike Bitz Columbus, Gusset, Ynot, Eagle, XT, etc"
406242,CRUST Stupid Tourist (Large)
406244,BNIB RSP - Flat pedals 
406245,Shimano Sora group set (9 speed)
